IL ID,Label,Viscosity Group,Temp
1,"azp-2o1,1 + ntf2",L,298.15
2,"azp-2o1,1 + otf",H,298.1
3,"azp-2o1,1 + tfa",H,298.1
4,"azp-2o1,2o1 + ntf2",H,292.05
5,"azp-4,1 + ntf2",H,298.0
6,"azp-6,1 + ntf2",H,298.0
7,"azp-[2o]21,1 + ntf2",L,298.1
8,"azp-[2o]21,1 + otf",H,298.1
9,"azp-[2o]21,1 + tfa",H,298.1
10,"azp-[2o]21,[2o]21 + ntf2",H,289.55
11,"bim-4,2 + h2po4",H,313.15
12,"bthz-s2[2] + po2-o2,o2",L,298.15
13,"cap-1,o2 + ntf2",L,323.2
14,"cap-1,o2 + otf",L,323.2
15,"cguad-(2,1),1,1 + ntf2",L,298.15
16,"cguad-(2,2),1,1 + ntf2",L,298.15
17,"cguad-(3,1),1,1 + ntf2",L,298.15
18,"cprop-(n-10,10),(n-10,10),(n-10,10) + dca",H,293.0
19,"cprop-(n-10,10),(n-10,10),(n-10,10) + ntf2",H,293.15
20,"cprop-(n-2,1),(n-1,1),(n-1,1) + ntf2",L,343.15
21,"cprop-(n-2,1),(n-2,1),(n-2,1) + ntf2",L,293.15
22,"cprop-(n-2,2),(n-1,1),(n-1,1) + ntf2",L,323.15
23,"cprop-(n-2,2),(n-2,2),(n-1,1) + dca",L,293.0
24,"cprop-(n-2,2),(n-2,2),(n-1,1) + ntf2",L,293.15
25,"cprop-(n-2,2),(n-2,2),(n-2,2) + dca",L,293.0
26,"cprop-(n-2,2),(n-2,2),(n-2,2) + ntf2",L,293.15
27,"cprop-(n-3,1),(n-1,1),(n-1,1) + dca",L,293.0
28,"cprop-(n-3,1),(n-1,1),(n-1,1) + ntf2",L,293.15
29,"cprop-(n-3,3),(n-1,1),(n-1,1) + ntf2",L,323.15
30,"cprop-(n-3,3),(n-3,3),(n-3,3) + dca",L,333.0
31,"cprop-(n-3,3),(n-3,3),(n-3,3) + ntf2",H,293.15
32,"cprop-(n-4,1),(n-1,1),(n-1,1) + dca",L,293.0
33,"cprop-(n-4,1),(n-1,1),(n-1,1) + ntf2",L,293.15
34,"cprop-(n-4,1),(n-2,2),(n-2,2) + dca",L,293.0
35,"cprop-(n-4,1),(n-2,2),(n-2,2) + ntf2",L,293.15
36,"cprop-(n-4,1),(n-4,1),(n-4,1) + dca",L,293.0
37,"cprop-(n-4,1),(n-4,1),(n-4,1) + ntf2",L,293.15
38,"cprop-(n-4,4),(n-1,1),(n-1,1) + ntf2",L,293.15
39,"cprop-(n-4,4),(n-2,2),(n-2,2) + dca",L,293.0
40,"cprop-(n-4,4),(n-2,2),(n-2,2) + ntf2",L,293.15
41,"cprop-(n-4,4),(n-4,4),(n-4,4) + dca",H,293.0
42,"cprop-(n-4,4),(n-4,4),(n-4,4) + ntf2",H,293.15
43,"cprop-(n-5,5),(n-5,5),(n-5,5) + dca",H,293.0
44,"cprop-(n-5,5),(n-5,5),(n-5,5) + ntf2",H,293.15
45,"cprop-(n-6,1),(n-1,1),(n-1,1) + ntf2",L,293.15
46,"cprop-(n-6,1),(n-2,2),(n-2,2) + dca",L,293.0
47,"cprop-(n-6,1),(n-2,2),(n-2,2) + ntf2",L,293.15
48,"cprop-(n-6,6),(n-1,1),(n-1,1) + ntf2",L,303.15
49,"cprop-(n-6,6),(n-2,2),(n-2,2) + dca",L,293.0
50,"cprop-(n-6,6),(n-2,2),(n-2,2) + ntf2",L,293.15
51,"cprop-(n-6,6),(n-6,6),(n-6,6) + dca",H,293.0
52,"cprop-(n-6,6),(n-6,6),(n-6,6) + ntf2",H,293.15
53,dabco-6 + ntf2,L,318.15
54,dbu-10 + dca,H,293.15
55,dbu-10 + scn,H,293.15
56,dbu-14 + dca,H,293.15
57,dbu-2 + dca,L,293.15
58,dbu-4 + dca,H,293.15
59,dbu-4 + imidazolide,L,293.15
60,dbu-6 + dca,H,293.15
61,dbu-6 + scn,H,293.15
62,dbu-8 + dca,H,293.15
63,dbu-8 + scn,H,293.15
64,dbu + ac,L,293.15
65,dbu + imidazolide,L,293.15
66,dbu + otf,H,293.15
67,dbu + so3-1,H,293.15
68,dbu + tfa,H,293.15
69,epslac + 4ac,L,293.15
70,epslac + ac,L,293.15
71,epslac + bf4,H,298.2
72,epslac + for,L,293.15
73,epslac + tfa,L,298.2
74,"guad-(1,1),(1,1),(1,1) + la",H,318.15
75,"guad-(1,1),(1,1),2 + ntf2",L,293.15
76,"guad-(1,1),(1,1),2 + so4-2",H,293.15
77,"guad-(1,1),(1,1) + imidazolide",L,293.15
78,"guad-(1,1),(1,1) + phen",L,313.15
79,"guad-(1,1),(1,1) + tfe",L,313.15
80,"guad-(2,1),(1,1),(1,1) + ntf2",L,298.15
81,"guad-(2,2),(1,1),(1,1) + ntf2",L,298.15
82,"guad-(2,2),(1,1),(1,1) + so4-2",L,293.15
83,"guad-(2o1,2o1),(1,1),(1,1) + ntf2",L,298.15
84,"guad-(2o2,2o1),(1,1),(1,1) + ntf2",L,298.15
85,"guad-(3,1),(1,1),(1,1) + ntf2",L,298.15
86,"guad-(3,2),(1,1),(1,1) + ntf2",L,298.15
87,"guad-(3,3),(1,1),(1,1) + ntf2",L,298.15
88,"guad-(4,1),(1,1),(1,1) + ntf2",L,298.15
89,"guad-(4,2),(1,1),(1,1) + ntf2",L,298.15
90,"guad-(4,3),(1,1),(1,1) + ntf2",L,298.15
91,"guad-(4,4),(1,1),(1,1) + ntf2",L,298.15
92,"guad-(6,6),(1,1),(1,1) + ccn3",L,298.2
93,"guad-(6,6),(6,6),(1,1) + dca",H,293.0
94,"guad-(6,6),(6,6),(1,1) + ntf2",H,293.2
95,"guad-(6,6),(6,6),(1,1) + otf",L,293.0
96,"guad-(6,6),(6,6),(1,1) + sac",H,293.0
97,"guad-(6,6),(6,6),(1,1) + so3-ph1",H,293.0
98,"guad-(6,6),(6,6),(1,1) + tfa",L,293.0
99,"im-1(1[f]),1 + ntf2",H,293.0
100,"im-1(chbr,ch2br),(chbr,ch2br) + ntf2",H,333.2
101,"im-1(chbr,ch2br),1(chbr,ch2br) + ntf2",H,333.2
102,"im-1(chbr,ch2br),1,br[4],br[5] + ntf2",H,333.2
103,"im-1(chbr,ch2br),1 + ntf2",L,333.2
104,"im-1,1,1o2 + ntf2",L,298.2
105,"im-1,1,1o3 + ntf2",L,298.2
106,"im-1,1[2] + ntf2",L,303.15
107,"im-1,1 + bf3-1[f]",L,298.2
108,"im-1,1 + bf3-2[f]",L,298.2
109,"im-1,1 + bf3-3[f]",L,298.2
110,"im-1,1 + dca",L,298.1
111,"im-1,1 + ntf2",L,298.0
112,"im-1,1 + po2-o1,o1",H,293.0
113,"im-1,1 + so4-1",L,293.15
114,"im-1,s2[2] + ntf2",L,298.15
115,"im-1,s2[2] + otf",L,298.15
116,"im-1,s2[2] + pf6",H,298.15
117,"im-1,s4[2] + ntf2",L,298.15
118,"im-1,s4[2] + otf",L,298.15
119,"im-1,s4[2] + po2-o4,o4",L,298.15
120,"im-10,1,1 + ntf2",L,298.2
121,"im-10,10 + ac",H,298.0
122,"im-10,10 + no3",H,298.0
123,"im-10,10 + ntf2",H,298.15
124,"im-10,10 + po2-o8i,o8i",H,298.0
125,"im-10,1 + al(ohfip)4",L,298.2
126,"im-10,1 + bf4",H,298.0
127,"im-10,1 + cl",H,313.15
128,"im-10,1 + dca",L,293.0
129,"im-10,1 + fpi",H,293.0
130,"im-10,1 + npf2",H,293.2
131,"im-10,1 + ntf2",H,296.0
132,"im-10,1 + otf",L,293.0
133,"im-10,1 + phen",H,293.15
134,"im-10,1 + sac",H,293.0
135,"im-10,1 + scn",H,298.2
136,"im-10,1 + so3-4[f]",H,298.15
137,"im-10,1 + tcb",H,283.15
138,"im-11,1 + ntf2",H,278.15
139,"im-12,12 + ntf2",L,323.15
140,"im-12,1 + ntf2",H,283.0
141,"im-12,1 + so3-4[f]",H,308.15
142,"im-14,1 + ntf2",L,323.15
143,"im-16,1 + ntf2",L,323.15
144,"im-18,1 + fpi",H,293.0
145,im-1 + ac,L,293.15
146,im-1 + hso4,H,293.15
147,im-1 + npf2,H,298.2
148,im-1 + ntf2,L,298.2
149,"im-1cch,1 + bf3-3icn",L,303.2
150,"im-1cch,1 + ntf2",L,298.15
151,"im-1cch,1cch + bf3-3icn",H,303.2
152,"im-1ch,1 + ntf2",H,298.15
153,"im-1cn,1 + ntf2",H,283.15
154,"im-1conh4,2 + ntf2",H,298.15
155,"im-1coo2,1 + ntf2",L,298.2
156,"im-1coo2,1 + scn",H,298.2
157,"im-1cooh,1 + bf4",L,298.0
158,"im-1cooh,1 + pf6",L,298.0
159,"im-1cp,1 + ntf2",L,298.15
160,"im-1dmsodmsph,1 + ntf2",L,298.0
161,"im-1dmsodphs1,1 + ntf2",H,298.0
162,"im-1dmsotms,1 + ntf2",H,278.15
163,"im-1dmsph,1 + ntf2",H,278.15
164,"im-1o1,1,1 + ntf2",L,298.15
165,"im-1o1,1,2 + ntf2",L,298.15
166,"im-1o1,1 + bf3-1[f]",L,298.2
167,"im-1o1,1 + bf3-2[f]",L,298.2
168,"im-1o1,1 + ntf2",L,298.15
169,"im-1o1,2,2 + ntf2",L,298.15
170,"im-1o1,2 + ntf2",L,298.15
171,"im-1o1,3,1 + ntf2",L,298.15
172,"im-1o1,3,2 + ntf2",L,298.15
173,"im-1o1,3 + ntf2",L,298.15
174,"im-1o1,4,1 + ntf2",L,298.15
175,"im-1o1,4,2 + ntf2",L,298.15
176,"im-1o1,4 + ntf2",L,298.15
177,"im-1o2,1 + ntf2",L,298.15
178,"im-1o2,2 + ntf2",L,298.15
179,"im-1o2,3 + ntf2",L,298.15
180,"im-1o2,4 + ntf2",L,298.15
181,"im-1o3,1o3 + bf4",L,298.2
182,"im-1o3,1o3 + ntf2",L,298.2
183,"im-1o4,1o4 + bf4",H,298.2
184,"im-1o4,1o4 + ntf2",L,298.2
185,"im-1o5,1o5 + bf4",H,298.2
186,"im-1o5,1o5 + ntf2",L,298.2
187,"im-1o6,1o6 + ntf2",L,298.2
188,"im-1o7,1o7 + ntf2",L,298.2
189,"im-1o8,1o8 + ntf2",L,298.2
190,"im-1ph,1[2] + npf2",L,298.2
191,"im-1ph,1[2] + ntf2",L,298.2
192,"im-1ph,1 + alcl4",L,318.15
193,"im-1ph,1 + cl",H,293.15
194,"im-1ph,1 + dca",L,298.15
195,"im-1ph,1 + ntf2",L,298.15
196,"im-1ph,1 + sac",H,293.0
197,"im-1ph,1 + so4-1",H,293.15
198,"im-1ph,1ph + dca",H,293.0
199,"im-1ph,1ph + scn",H,293.0
200,"im-1tms,1,1 + ntf2",H,293.0
201,"im-1tms,1,1o4 + ntf2",H,293.0
202,"im-1tms,1 + ntf2",H,278.15
203,"im-2(2[f]),1 + ntf2",H,296.0
204,"im-2(4[f]),1 + ntf2",H,296.0
205,"im-2(6[f]),1 + ntf2",H,293.15
206,"im-2(cfbr,cf2br),1(chbr,ch2br) + ntf2",H,333.2
207,"im-2(cfbr,cf2br),1 + ntf2",L,333.2
208,"im-2,1,1[5] + ntf2",L,298.0
209,"im-2,1,1[5] + otf",L,298.0
210,"im-2,1,1 + al(ohfip)4",L,323.2
211,"im-2,1,1 + h2po4",L,333.15
212,"im-2,1,1 + hso4",H,288.15
213,"im-2,1,1 + ntf2",L,293.15
214,"im-2,1,1 + ph-coo[1],oh[2]",H,293.15
215,"im-2,1,1o2 + ntf2",L,298.2
216,"im-2,1,1o3 + ntf2",L,298.2
217,"im-2,1,s1 + ntf2",L,293.2
218,"im-2,1,s3 + ntf2",L,293.2
219,"im-2,1,s3i + ntf2",L,293.2
220,"im-2,1,s8 + ntf2",L,293.2
221,"im-2,1D + fap",L,293.15
222,"im-2,1D + so4-1D",L,293.15
223,"im-2,1D + tcb",L,293.15
224,"im-2,1[2] + bf4",L,298.2
225,"im-2,1[2] + npf2",L,298.2
226,"im-2,1[2] + ntf2",L,298.2
227,"im-2,1 + ac",H,288.15
228,"im-2,1 + al(ohfip)4",L,313.2
229,"im-2,1 + al2cl7",L,293.15
230,"im-2,1 + ala",H,293.15
231,"im-2,1 + alcl4",L,298.0
232,"im-2,1 + bcn3-1[f]",L,293.0
233,"im-2,1 + bcn3-2[f]",L,293.0
234,"im-2,1 + bf2cn-1[f]",L,293.0
235,"im-2,1 + bf2cn-2[f]",L,293.0
236,"im-2,1 + bf2cn-3[f]",L,293.0
237,"im-2,1 + bf2cn-4[f]",L,293.0
238,"im-2,1 + bf2cn2",L,293.2
239,"im-2,1 + bf2ox",H,263.15
240,"im-2,1 + bf3-1",L,298.2
241,"im-2,1 + bf3-1[f]",L,298.2
242,"im-2,1 + bf3-2",L,298.2
243,"im-2,1 + bf3-2[f]",L,298.2
244,"im-2,1 + bf3-2[f]o1[f]",L,298.2
245,"im-2,1 + bf3-3",L,298.2
246,"im-2,1 + bf3-3[f]",L,298.2
247,"im-2,1 + bf3-4",L,298.2
248,"im-2,1 + bf3-4[f]",L,298.2
249,"im-2,1 + bf3-5",L,298.2
250,"im-2,1 + bf3-v",L,298.2
251,"im-2,1 + bf3cn",L,293.2
252,"im-2,1 + bf4",L,278.15
253,"im-2,1 + bfcn2-1[f]",L,293.0
254,"im-2,1 + bfcn2-2[f]",L,293.0
255,"im-2,1 + bfcn3",L,293.2
256,"im-2,1 + c1c2",L,298.0
257,"im-2,1 + ccn3",L,295.2
258,"im-2,1 + cl",L,353.15
259,"im-2,1 + conco4",L,288.15
260,"im-2,1 + coscn4",H,288.15
261,"im-2,1 + dca",L,298.0
262,"im-2,1 + fap",L,293.15
263,"im-2,1 + fecl4",L,298.2
264,"im-2,1 + fpi",L,293.0
265,"im-2,1 + fsa",L,293.2
266,"im-2,1 + fso3",L,298.0
267,"im-2,1 + gacl4",L,303.2
268,"im-2,1 + gly",L,293.15
269,"im-2,1 + hso4",H,283.15
270,"im-2,1 + im41",L,293.0
271,"im-2,1 + imidazolide",L,313.2
272,"im-2,1 + moof5",L,298.2
273,"im-2,1 + nbf6",L,298.0
274,"im-2,1 + nms2",H,298.2
275,"im-2,1 + npf2",L,293.0
276,"im-2,1 + npfso2f",L,298.0
277,"im-2,1 + ntf2",L,298.15
278,"im-2,1 + otf",L,298.0
279,"im-2,1 + pf6",L,343.1
280,"im-2,1 + ph-coo[1],oh[2]",H,293.15
281,"im-2,1 + phen",L,293.15
282,"im-2,1 + po2-1,o1",H,273.15
283,"im-2,1 + po2-o1,o1",H,293.0
284,"im-2,1 + po2-o2,o2",H,293.0
285,"im-2,1 + pro",H,293.15
286,"im-2,1 + sbf6",L,298.0
287,"im-2,1 + scn",L,298.15
288,"im-2,1 + ser",H,293.15
289,"im-2,1 + so3-1",H,273.15
290,"im-2,1 + so3-2[f]",L,298.0
291,"im-2,1 + so3-4[f]",H,293.15
292,"im-2,1 + so4-1,3[f],chf2",L,298.2
293,"im-2,1 + so4-1",L,298.0
294,"im-2,1 + so4-2",H,278.15
295,"im-2,1 + so4-4",H,283.15
296,"im-2,1 + so4-6",H,268.15
297,"im-2,1 + so4-8",H,273.15
298,"im-2,1 + taf6",L,298.0
299,"im-2,1 + tau",H,293.0
300,"im-2,1 + tca-1",L,298.2
301,"im-2,1 + tca-1cn",H,298.2
302,"im-2,1 + tca-o1",L,298.2
303,"im-2,1 + tca",L,323.2
304,"im-2,1 + tcb",L,283.15
305,"im-2,1 + tetrazolide",L,298.2
306,"im-2,1 + tfa-2[f]",L,293.0
307,"im-2,1 + tfa-3[f]",L,293.15
308,"im-2,1 + tfa",L,298.0
309,"im-2,1 + tfes",L,293.15
310,"im-2,1 + tfesi",L,283.15
311,"im-2,1 + triazolide",L,298.2
312,"im-2,1 + tsac",L,298.2
313,"im-2,1 + wf7",L,298.0
314,"im-2,1 + wof5",L,298.0
315,"im-2,1o2,1 + ntf2",H,278.15
316,"im-2,2,1[5] + ntf2",L,293.0
317,"im-2,2,1 + ntf2",L,298.0
318,"im-2,2,1o2 + ntf2",L,298.2
319,"im-2,2,1o3 + ntf2",L,298.2
320,"im-2,2 + ntf2",L,298.0
321,"im-2,2 + otf",L,298.0
322,"im-2,2 + po2-o2,o2",H,293.0
323,"im-2,2 + so3-ph1",H,298.0
324,"im-2,2 + tfa",L,293.0
325,"im-2D,1D + fap",L,293.15
326,"im-2D,1D + so4-1D",L,293.15
327,"im-2D,1 + fap",L,293.15
328,im-2 + ac,L,283.15
329,im-2 + bf4,L,298.2
330,im-2 + clo4,L,298.2
331,im-2 + npf2,L,298.2
332,im-2 + ntf2,L,298.2
333,im-2 + otf,L,298.15
334,im-2 + pf6,H,298.2
335,im-2 + so3-1,H,298.15
336,"im-2ch,1 + ntf2",H,298.15
337,"im-2cl,1 + dca",L,293.15
338,"im-2cn,10 + behss",H,298.1
339,"im-2cn,10 + br",H,313.1
340,"im-2cn,10 + sba",H,298.15
341,"im-2cn,10 + so4-12",H,298.1
342,"im-2cn,1 + bf4",L,293.2
343,"im-2cn,1ph + cl",H,323.15
344,"im-2cn,2o2 + dca",H,293.15
345,"im-2cn,2o2 + ntf2",H,293.15
346,"im-2cn,2o2 + tfa",H,293.15
347,"im-2cn,2oh + cl",H,303.15
348,"im-2cn,4 + behss",H,298.1
349,"im-2cn,4 + br",H,298.1
350,"im-2cn,4 + bs",H,293.15
351,"im-2cn,4 + cl",H,293.15
352,"im-2cn,4 + otf",H,298.1
353,"im-2cn,4 + so4-12",H,298.1
354,"im-2cn,6 + behss",H,298.1
355,"im-2cn,6 + br",H,303.1
356,"im-2cn,6 + bs",H,293.1
357,"im-2cn,6 + cl",H,308.1
358,"im-2cn,6 + otf",H,293.1
359,"im-2cn,6 + sba",H,293.1
360,"im-2cn,6 + so4-12",H,298.1
361,"im-2cn,8 + br",H,308.1
362,"im-2cn,8 + cl",H,313.1
363,"im-2cn,a + cl",H,298.15
364,im-2cn + 1ac,L,293.15
365,im-2cn + 2ac,L,293.15
366,im-2cn + 4ac,L,293.15
367,im-2cn + ac,L,293.15
368,im-2cn + for,L,293.15
369,im-2cn + hso4,H,293.15
370,im-2cn + so3-ph1,H,303.15
371,"im-2cp,1 + ntf2",L,298.15
372,"im-2dp,4 + bf4",L,313.0
373,"im-2dp,4 + pf6",H,313.0
374,"im-2dp,6 + bf4",H,313.0
375,"im-2dp,6 + pf6",H,313.0
376,"im-2dp,8 + bf4",H,313.0
377,"im-2dp,8 + pf6",H,313.0
378,"im-2nh2,1 + bf4",L,298.0
379,"im-2nh2,1 + dca",L,303.2
380,"im-2nh2,1 + ntf2",L,303.2
381,"im-2nh2,1 + otf",L,303.2
382,"im-2nh2,1 + pf6",H,298.0
383,"im-2o1,1,1 + ntf2",L,298.2
384,"im-2o1,1,1o2 + ntf2",L,298.2
385,"im-2o1,1,1o3 + ntf2",L,298.2
386,"im-2o1,1,2 + ntf2",L,298.2
387,"im-2o1,1 + bf3-1[f]",L,298.2
388,"im-2o1,1 + bf3-2[f]",L,298.2
389,"im-2o1,1 + bf4",L,303.2
390,"im-2o1,1 + ntf2",L,293.0
391,"im-2o1,1 + otf",L,293.0
392,"im-2o1,1 + pf6",L,303.2
393,"im-2o1,1 + po2-o1,o1",H,293.0
394,"im-2o1,1 + so3-1",H,298.15
395,"im-2o1,1o1,1 + ntf2",L,298.15
396,"im-2o1,1o1,2 + ntf2",L,298.15
397,"im-2o1,1o1 + ntf2",L,298.15
398,"im-2o1,1o2 + ntf2",L,298.15
399,"im-2o1,2,1 + ntf2",L,298.2
400,"im-2o1,2,1o2 + ntf2",L,298.2
401,"im-2o1,2,1o3 + ntf2",L,298.2
402,"im-2o1,2,2 + ntf2",L,298.2
403,"im-2o1,2 + ntf2",L,298.15
404,"im-2o1,2o1,2 + ntf2",L,298.2
405,"im-2o1,2o1 + ntf2",L,298.15
406,"im-2o1,3,1 + ntf2",L,298.2
407,"im-2o1,3,2 + ntf2",L,298.2
408,"im-2o1,3 + ntf2",L,298.15
409,"im-2o1,4,1 + ntf2",L,298.2
410,"im-2o1,4,2 + ntf2",L,298.2
411,"im-2o1,4 + ntf2",L,298.15
412,"im-2o1,5,1 + ntf2",L,298.2
413,"im-2o1,5,2 + ntf2",L,298.2
414,"im-2o2,1,1 + ntf2",L,298.2
415,"im-2o2,1,1o2 + ntf2",L,298.2
416,"im-2o2,1,1o3 + ntf2",L,298.2
417,"im-2o2,1,2 + ntf2",L,298.2
418,"im-2o2,1 + cl",H,293.15
419,"im-2o2,1 + ntf2",L,298.15
420,"im-2o2,1o1,1 + ntf2",L,298.15
421,"im-2o2,1o1,2 + ntf2",L,298.15
422,"im-2o2,1o1 + ntf2",L,298.15
423,"im-2o2,1o2 + ntf2",L,298.15
424,"im-2o2,2,1 + ntf2",L,298.2
425,"im-2o2,2,1o2 + ntf2",L,298.2
426,"im-2o2,2,1o3 + ntf2",L,298.2
427,"im-2o2,2,2 + ntf2",L,298.2
428,"im-2o2,2 + ntf2",L,298.15
429,"im-2o2,2o1,1 + ntf2",L,298.2
430,"im-2o2,2o1,2 + ntf2",L,298.2
431,"im-2o2,2o1 + ntf2",L,298.15
432,"im-2o2,2o2,1 + ntf2",L,298.2
433,"im-2o2,2o2,2 + ntf2",L,298.2
434,"im-2o2,2o2 + ntf2",L,298.15
435,"im-2o2,3,1 + ntf2",L,298.2
436,"im-2o2,3,2 + ntf2",L,298.2
437,"im-2o2,3 + ntf2",L,298.15
438,"im-2o2,4,1 + ntf2",L,298.2
439,"im-2o2,4,2 + ntf2",L,298.2
440,"im-2o2,4 + ntf2",L,298.15
441,"im-2o2,5,1 + ntf2",L,298.2
442,"im-2o2,5,2 + ntf2",L,298.2
443,"im-2o2oh,1 + cl",H,293.15
444,"im-2oh,1 + bf4",L,298.2
445,"im-2oh,1 + dca",L,293.15
446,"im-2oh,1 + fap",H,298.15
447,"im-2oh,1 + imidazolide",H,313.2
448,"im-2oh,1 + ntf2",H,278.15
449,"im-2oh,1 + pf6",L,303.2
450,"im-2ono2,1 + dca",L,298.0
451,"im-2ph,1 + alcl4",L,313.15
452,"im-2ph,1 + ntf2",H,298.15
453,"im-2v,1,1 + pyrazolide-no2[4]",H,278.15
454,"im-3,1,1 + bf4",H,298.2
455,"im-3,1,1 + ctf3",H,283.15
456,"im-3,1,1 + hso4",H,288.15
457,"im-3,1,1 + ntf2",L,298.0
458,"im-3,1,1 + pyrazolide-no2[4]",H,278.15
459,"im-3,1,1o2 + ntf2",L,298.2
460,"im-3,1,1o3 + ntf2",L,298.2
461,"im-3,1,1o4 + ntf2",L,293.0
462,"im-3,1,cn + ntf2",H,293.0
463,"im-3,1 + alcl4",L,284.1
464,"im-3,1 + bf3-1[f]",L,298.2
465,"im-3,1 + bf3-2[f]",L,298.2
466,"im-3,1 + bf3-3[f]",L,298.2
467,"im-3,1 + bf3-4[f]",L,298.2
468,"im-3,1 + bf4",L,298.15
469,"im-3,1 + h2po4",L,288.15
470,"im-3,1 + hco3",L,288.15
471,"im-3,1 + i",H,298.2
472,"im-3,1 + no3",L,297.0
473,"im-3,1 + npf2",L,297.0
474,"im-3,1 + ntf2",L,298.15
475,"im-3,1 + pf6",L,318.15
476,"im-3,1 + scn",L,293.15
477,"im-3,2,1o2 + ntf2",L,298.2
478,"im-3,2,1o3 + ntf2",L,298.2
479,"im-3,2 + ntf2",L,278.15
480,"im-3,3 + ntf2",L,278.15
481,"im-3ch,1 + ntf2",H,298.15
482,"im-3cn,1,1 + dca",H,298.2
483,"im-3cn,1,1 + ntf2",H,298.2
484,"im-3cn,1 + bf3-3icn",L,303.2
485,"im-3cn,1 + bf4",H,293.2
486,"im-3cn,1 + dca",H,298.2
487,"im-3cn,1 + ntf2",H,298.2
488,"im-3cn,3cn + bf3-3icn",H,303.2
489,"im-3cooh,1 + bf3-3icn",H,303.2
490,"im-3dp,4 + bf4",H,313.0
491,"im-3dp,4 + pf6",H,313.0
492,"im-3dp,6 + bf4",H,313.0
493,"im-3dp,6 + pf6",H,313.0
494,"im-3dp,8 + bf4",H,313.0
495,"im-3dp,8 + pf6",H,313.0
496,"im-3i,1 + ntf2",L,278.15
497,"im-3nh1phen,4 + ntf2",H,298.2
498,"im-3nh1phen,4 + pf6",H,298.2
499,"im-3nh2,1 + imidazolide",L,313.2
500,"im-3o1,1 + bf4",L,303.2
501,"im-3o1,1 + pf6",L,303.2
502,"im-3o1,2o1,1 + ntf2",L,298.2
503,"im-3o1,2o1,2 + ntf2",L,298.2
504,"im-3o1,2o2,1 + ntf2",L,298.2
505,"im-3o1,2o2,2 + ntf2",L,298.2
506,"im-3oh,1 + cl",H,293.15
507,"im-3oh,2 + cl",H,293.15
508,"im-3oh[2],1 + cl",H,298.2
509,"im-3oh[2],1 + no3",H,298.2
510,"im-3oh[2],1 + ntf2",H,298.2
511,"im-3oh[2],1 + pf6",H,298.2
512,"im-3ph,1 + ntf2",H,298.15
513,"im-3so3h,1[2] + camphorsulfonate",H,293.15
514,"im-3so3h,1 + camphorsulfonate",H,293.15
515,"im-3so3h,2[2] + camphorsulfonate",H,293.15
516,"im-3so3h,2 + camphorsulfonate",H,293.15
517,"im-3so3h,4 + camphorsulfonate",H,293.15
518,"im-3so3h,ph[2] + camphorsulfonate",H,293.15
519,im-3so3h + camphorsulfonate,H,293.15
520,"im-4,1,1 + al(ohfip)4",L,273.2
521,"im-4,1,1 + bf4",H,298.0
522,"im-4,1,1 + dca",L,293.0
523,"im-4,1,1 + fap",H,283.15
524,"im-4,1,1 + h2po4",L,333.15
525,"im-4,1,1 + hso4",H,288.15
526,"im-4,1,1 + ntf2",L,293.15
527,"im-4,1,1 + scn",H,293.0
528,"im-4,1,1 + so4-1,3[f],chf2",H,298.2
529,"im-4,1,1 + so4-3,2[f]",H,298.2
530,"im-4,1,1 + tcb",L,336.2
531,"im-4,1,1o2 + ntf2",L,298.2
532,"im-4,1,1o3 + ntf2",L,298.2
533,"im-4,1 + 1ac",H,303.15
534,"im-4,1 + 2ac",H,303.15
535,"im-4,1 + ac",H,298.15
536,"im-4,1 + al(ohfip)4",L,313.2
537,"im-4,1 + ala",L,298.15
538,"im-4,1 + alcl4",L,298.0
539,"im-4,1 + behss",H,298.2
540,"im-4,1 + bf2ox",H,263.15
541,"im-4,1 + bf3-1[f]",L,298.2
542,"im-4,1 + bf3-2[f]",L,298.2
543,"im-4,1 + bf3-3icn",L,303.2
544,"im-4,1 + bf3-ph-1[f][3]",L,298.15
545,"im-4,1 + bf3-ph-1[f][4]",L,298.15
546,"im-4,1 + bf3-ph-cn[3]",H,298.15
547,"im-4,1 + bf3-ph-cn[4]",H,298.15
548,"im-4,1 + bf3-ph-f[2]",L,298.15
549,"im-4,1 + bf3-ph-f[3]",L,298.15
550,"im-4,1 + bf3-ph-f[4]",L,298.15
551,"im-4,1 + bf3-ph-o1[2]",H,298.15
552,"im-4,1 + bf3-ph-o1[3]",H,298.15
553,"im-4,1 + bf3-ph-o1[4]",H,298.15
554,"im-4,1 + bf3-ph",L,298.15
555,"im-4,1 + bf4",H,278.15
556,"im-4,1 + br",H,298.2
557,"im-4,1 + ccn3",L,278.15
558,"im-4,1 + cl",H,348.15
559,"im-4,1 + clo4",H,283.15
560,"im-4,1 + coscn4",H,288.15
561,"im-4,1 + ctf3",H,278.15
562,"im-4,1 + dca",L,298.0
563,"im-4,1 + fap",L,293.15
564,"im-4,1 + 43500",L,298.2
565,"im-4,1 + fecl4",L,293.2
566,"im-4,1 + for",L,303.15
567,"im-4,1 + fpi",L,293.0
568,"im-4,1 + fsa",L,273.15
569,"im-4,1 + glu",L,298.15
570,"im-4,1 + gly",L,298.15
571,"im-4,1 + glyc",H,303.15
572,"im-4,1 + h2po4",H,288.15
573,"im-4,1 + hco3",L,288.15
574,"im-4,1 + hfps",H,283.1
575,"im-4,1 + hso4",H,297.0
576,"im-4,1 + i",H,298.0
577,"im-4,1 + imidazolide",L,313.2
578,"im-4,1 + la",H,303.15
579,"im-4,1 + no3",L,297.0
580,"im-4,1 + npf2",L,298.0
581,"im-4,1 + ntf2",L,298.0
582,"im-4,1 + otf",L,303.15
583,"im-4,1 + pf6",L,313.15
584,"im-4,1 + ph-coo",H,303.15
585,"im-4,1 + phen",L,293.15
586,"im-4,1 + po2-cf3,cf3",L,298.2
587,"im-4,1 + po2-o1,o1",H,298.15
588,"im-4,1 + po2-o4,o4",H,293.0
589,"im-4,1 + po3h-1",L,298.15
590,"im-4,1 + po4",H,298.2
591,"im-4,1 + sbf6",L,283.2
592,"im-4,1 + scn",L,298.15
593,"im-4,1 + so3-1",L,298.15
594,"im-4,1 + so3-4[f]",H,298.0
595,"im-4,1 + so4-1,3[f],chf2",L,298.2
596,"im-4,1 + so4-1",L,298.0
597,"im-4,1 + so4-2",H,298.15
598,"im-4,1 + so4-3,2[f]",H,298.2
599,"im-4,1 + so4-4",H,308.15
600,"im-4,1 + so4-5",H,298.2
601,"im-4,1 + so4-8",H,314.25
602,"im-4,1 + tcb",L,283.4
603,"im-4,1 + tdi",L,293.15
604,"im-4,1 + tehss",H,298.2
605,"im-4,1 + tfa-2[f]",L,293.0
606,"im-4,1 + tfa",L,293.0
607,"im-4,1 + tpes",L,283.1
608,"im-4,1 + ttes",H,283.1
609,"im-4,2,1o2 + ntf2",L,298.2
610,"im-4,2,1o3 + ntf2",L,298.2
611,"im-4,2 + br",L,293.15
612,"im-4,2 + ntf2",L,298.0
613,"im-4,2 + otf",L,298.0
614,"im-4,2 + po2-o2,o2",H,293.0
615,"im-4,2 + po2-o4,o4",H,293.0
616,"im-4,2 + so3-4[f]",H,298.0
617,"im-4,2 + tfa",L,293.0
618,"im-4,4 + ac",H,298.0
619,"im-4,4 + alcl4",H,263.1
620,"im-4,4 + ntf2",H,273.15
621,"im-4,4 + po2-o4,o4",H,293.0
622,"im-4,4 + so3-ph1",H,298.0
623,im-4 + hso4,H,293.15
624,im-4 + no3,H,293.0
625,im-4 + otf,L,298.15
626,im-4 + scn,H,293.0
627,im-4 + so3-1,H,298.15
628,"im-4cn,1 + bf4",H,293.2
629,"im-4cn,1 + cl",H,293.2
630,"im-4cn,1 + pf6",H,293.2
631,"im-4i,1 + i",H,298.2
632,"im-4i,1 + ntf2",L,293.0
633,"im-4i,4i + ntf2",L,298.0
634,im-4so31 + so4-1,H,298.2
635,im-4so32 + so4-2,H,298.2
636,"im-4so3h,1 + camphorsulfonate",H,293.15
637,"im-4so3h,1 + hso4",H,293.15
638,"im-4so3h,1 + otf",H,293.15
639,"im-5,1,1 + hso4",H,288.15
640,"im-5,1,1 + ntf2",L,298.2
641,"im-5,1,1o2 + ntf2",L,298.2
642,"im-5,1,1o3 + ntf2",L,298.2
643,"im-5,1 + bf4",L,297.0
644,"im-5,1 + fap4",H,293.0
645,"im-5,1 + h2po4",H,288.15
646,"im-5,1 + hco3",L,288.15
647,"im-5,1 + nicl4",L,298.1
648,"im-5,1 + no3",H,297.0
649,"im-5,1 + npf2",L,297.0
650,"im-5,1 + ntf2",L,298.2
651,"im-5,1 + pf6",H,298.0
652,"im-5,1 + scn",L,293.15
653,"im-5,2,1o2 + ntf2",L,298.2
654,"im-5,2,1o3 + ntf2",L,298.2
655,"im-5,4 + ntf2",L,298.15
656,"im-5,5 + ntf2",H,278.15
657,"im-5i,1 + i",H,298.2
658,"im-5i,1 + ntf2",L,278.15
659,"im-5i,4 + ntf2",L,298.15
660,"im-6,1,1 + ntf2",H,283.0
661,"im-6,1,1 + pyrazolide-no2[4]",H,278.15
662,"im-6,1,s1 + ntf2",L,293.2
663,"im-6,1 + ac",H,278.15
664,"im-6,1 + al(ohfip)4",L,273.2
665,"im-6,1 + al2br7",L,281.0
666,"im-6,1 + albr4",L,281.0
667,"im-6,1 + alcl4",L,293.15
668,"im-6,1 + bf3-1[f]",L,298.2
669,"im-6,1 + bf3-2[f]",L,298.2
670,"im-6,1 + bf4",L,288.15
671,"im-6,1 + br",H,293.15
672,"im-6,1 + cl",H,303.15
673,"im-6,1 + dca",L,293.15
674,"im-6,1 + fap",L,293.15
675,"im-6,1 + fap3",H,293.0
676,"im-6,1 + 43500",L,298.2
677,"im-6,1 + fecl4",L,298.2
678,"im-6,1 + fpi",L,293.0
679,"im-6,1 + i",H,305.15
680,"im-6,1 + no3",H,297.0
681,"im-6,1 + npf2",L,297.0
682,"im-6,1 + ntf2",L,296.0
683,"im-6,1 + otf",L,298.0
684,"im-6,1 + pf6",H,293.2
685,"im-6,1 + phen",L,293.15
686,"im-6,1 + po2-o1,o1",H,293.0
687,"im-6,1 + pyrazolide-no2[4]",H,278.15
688,"im-6,1 + pyrrolide-cn[2]",H,278.15
689,"im-6,1 + so3-4[f]",H,293.15
690,"im-6,1 + so4-1",H,298.15
691,"im-6,1 + so4-2",H,298.15
692,"im-6,1 + tcb",L,298.15
693,"im-6,1 + tetrazolide",H,278.15
694,"im-6,1 + triazolide",H,278.15
695,"im-6,1 + triazolide123",H,278.15
696,"im-6,2 + po2-o2,o2",H,293.0
697,"im-6,4 + po2-o4,o4",H,293.0
698,"im-6,6 + ac",H,298.0
699,"im-6,6 + no3",H,298.0
700,"im-6,6 + ntf2",H,278.15
701,"im-6,6 + po2-o8i,o8i",H,298.0
702,"im-6i,1 + ntf2",H,278.15
703,"im-6oh,1 + cl",H,293.15
704,"im-6oh,2 + cl",H,293.15
705,"im-6oh,4 + cl",H,293.15
706,im-6oh + cl,H,293.15
707,"im-7,1,1 + ntf2",L,298.2
708,"im-7,1 + nicl4",L,299.5
709,"im-7,1 + ntf2",L,293.15
710,"im-7,1 + pf6",H,293.15
711,"im-7,7 + ntf2",H,278.15
712,"im-7i,1 + ntf2",H,278.15
713,"im-8,1,1 + h2po4",H,333.15
714,"im-8,1,1 + ntf2",L,298.2
715,"im-8,1,1 + otf",L,298.2
716,"im-8,1 + al(ohfip)4",L,298.2
717,"im-8,1 + ala",H,293.15
718,"im-8,1 + alcl4",L,293.15
719,"im-8,1 + asn",H,303.15
720,"im-8,1 + bf4",H,283.15
721,"im-8,1 + cl",H,303.15
722,"im-8,1 + dca",L,293.0
723,"im-8,1 + 43500",L,298.2
724,"im-8,1 + fecl4",L,298.2
725,"im-8,1 + gly",H,293.15
726,"im-8,1 + h2po4",H,313.15
727,"im-8,1 + h3p2o7",H,298.15
728,"im-8,1 + i",H,300.15
729,"im-8,1 + nicl4",L,300.9
730,"im-8,1 + npf2",H,293.2
731,"im-8,1 + ntf2",L,296.0
732,"im-8,1 + otf",L,293.0
733,"im-8,1 + pf6",H,274.63
734,"im-8,1 + phen",H,293.15
735,"im-8,1 + po2-o1,o1",H,293.0
736,"im-8,1 + pro",H,293.15
737,"im-8,1 + sac",H,293.0
738,"im-8,1 + scn",L,293.0
739,"im-8,1 + ser",H,293.15
740,"im-8,1 + so3-4[f]",H,298.15
741,"im-8,1 + so4-1",L,313.15
742,"im-8,1 + so4-2",H,313.15
743,"im-8,1 + tcb",L,283.15
744,"im-8,1 + tfa-3[f]",H,293.15
745,"im-8,1 + tfa",H,293.15
746,"im-8,2 + po2-o2,o2",H,293.0
747,"im-8,4 + po2-o4,o4",H,293.0
748,"im-8,8 + ac",H,298.0
749,"im-8,8 + no3",H,298.0
750,"im-8,8 + ntf2",H,278.15
751,"im-8,8 + po2-o8i,o8i",H,298.0
752,"im-8chch(E)8,1 + ntf2",H,293.15
753,"im-8chch(Z)1chch(Z)5,1 + ntf2",H,280.15
754,"im-8chch(Z)8,1 + ntf2",H,278.15
755,"im-8i,8i + ac",H,298.0
756,"im-8i,8i + no3",H,298.0
757,"im-8i,8i + ntf2",H,298.0
758,"im-8i,8i + po2-o8i,o8i",H,298.0
759,"im-9,1 + ntf2",H,278.15
760,"im-9,1 + pf6",H,293.15
761,"im-9,9 + ntf2",H,278.15
762,"im-[2o]21,1 + bf3-1[f]",L,298.2
763,"im-[2o]21,1 + bf3-2[f]",L,298.2
764,"im-[2o]21,1 + bf4",L,303.2
765,"im-[2o]21,1 + cl",H,303.2
766,"im-[2o]21,1 + pf6",H,303.2
767,"im-[2o]21,1 + po2-o1,o1",H,293.0
768,"im-[2o]21,1 + so3-1",H,298.15
769,"im-[2o]31,1 + po2-o1,o1",H,293.0
770,"im-[2o]31,1 + so3-1",H,298.15
771,"im-a,1,1 + bf4",H,298.2
772,"im-a,10 + dca",L,298.2
773,"im-a,12 + dca",L,298.2
774,"im-a,14 + dca",H,298.2
775,"im-a,1 + al(ohfip)4",L,293.2
776,"im-a,1 + bf3-3icn",L,303.2
777,"im-a,1 + br",H,298.2
778,"im-a,1 + cl",H,307.0
779,"im-a,1 + dca",L,293.15
780,"im-a,1 + ntf2",L,298.15
781,"im-a,2 + br",H,298.2
782,"im-a,3 + br",H,298.2
783,"im-a,4 + dca",L,298.2
784,"im-a,6 + dca",L,298.2
785,"im-a,8 + dca",L,298.2
786,"im-a,a + bf3-3icn",L,303.2
787,"im-a,a + br",H,298.2
788,"im-a,a + cl",H,298.2
789,"im-a,a + ntf2",L,298.2
790,"im-c,1,1 + bf4",H,298.2
791,"im-c7,1 + ntf2",H,293.15
792,"im-ch,1 + ntf2",H,293.15
793,"im-chc(ch3)2,1 + bf4",H,288.15
794,"im-cp,1 + ntf2",L,293.15
795,"im-cp,4 + ntf2",L,298.15
796,"im-moxm,10 + ntf2",H,303.2
797,"im-moxm,11 + ntf2",H,303.2
798,"im-moxm,12 + ntf2",H,303.2
799,"im-moxm,1 + ntf2",H,303.2
800,"im-moxm,2 + ntf2",H,303.2
801,"im-moxm,3 + ntf2",H,303.2
802,"im-moxm,4 + ntf2",H,303.2
803,"im-moxm,5 + ntf2",H,303.2
804,"im-moxm,6 + ntf2",H,303.2
805,"im-moxm,7 + ntf2",H,303.2
806,"im-moxm,8 + ntf2",H,303.2
807,"im-moxm,9 + ntf2",H,303.2
808,"im-v,10 + dca",H,298.2
809,"im-v,1 + i",H,298.2
810,"im-v,2 + i",H,298.2
811,"im-v,3 + i",H,298.2
812,"im-v,4 + i",H,298.2
813,"im-v,8 + dca",L,298.2
814,"im-v,a + dca",L,298.2
815,"im-v,a + i",H,298.2
816,im + 4ac,L,298.0
817,im + 5ac,L,298.0
818,im + 6ac,L,298.0
819,im + 7ac,L,298.0
820,mo-1 + bf4,H,303.15
821,mo-1 + for,L,283.2
822,"mo-2,1 + dca",L,298.15
823,"mo-2,1 + po3h-2",H,293.18
824,"mo-2,1 + so4-2",H,303.15
825,mo-2 + bf4,H,303.15
826,mo-2 + for,L,283.2
827,"mo-2o1(3[f]chf2),1 + ntf2",H,298.2
828,"mo-2o1,1 + bf3-1[f]",H,298.2
829,"mo-2o1,1 + bf3-2[f]",H,298.2
830,"mo-2o1,1 + bf3-3[f]",H,298.2
831,"mo-2o1,1 + fap",H,298.15
832,"mo-2o1,1 + ntf2",H,298.15
833,"mo-2o2,1 + ntf2",H,298.2
834,"mo-3,1 + dca",H,298.2
835,"mo-3oh,1 + ntf2",H,298.15
836,"mo-4,1 + al(ohfip)4",L,298.2
837,"mo-4,1 + bf3-1[f]",H,298.2
838,"mo-4,1 + bf3-2[f]",H,298.2
839,"mo-4,1 + ccn3",H,288.15
840,"mo-4,1 + dca",H,298.2
841,"mo-4,1 + ntf2",H,298.2
842,"mo-4,1 + po3h-4",H,293.18
843,"mo-4,1 + so4-4",H,308.15
844,"mo-5,1 + dca",H,298.2
845,"mo-6,1 + dca",H,298.2
846,"mo-6,1 + fsa",H,298.15
847,"mo-6,1 + ntf2",H,298.15
848,"mo-6,1 + po3h-6",H,293.18
849,"mo-7,1 + dca",H,298.2
850,"mo-8,1 + dca",H,298.2
851,"mo-8,1 + po3h-8",L,293.18
852,"mo-9,1 + dca",H,298.2
853,"mo-a,1 + ntf2",H,303.15
854,"mo-a,2 + ntf2",H,303.15
855,mo + for,L,283.2
856,n-1(1[1])coo1 + bf4,L,303.2
857,n-1(1[1])coo1 + scn,L,353.2
858,n-1(1[1])coo2 + no3,H,303.2
859,n-1(4i[1])coo1 + no3,H,353.2
860,"n-1,1,1,1 + bala",H,298.15
861,"n-1,1,1,1 + gly",H,298.15
862,"n-1,1,1,1 + oh",L,298.15
863,"n-1,1,1 + h2po4",H,323.15
864,"n-1,1 + for",L,298.2
865,"n-1,1 + hso4",L,298.2
866,"n-10,10,1,1 + herbicide-2,4-DP",H,293.15
867,"n-10,2,2,2 + ntf2",H,293.25
868,"n-10,3i,1,1 + ntf2",H,278.15
869,"n-12,1,1,1 + herbicide-2,4-DP",H,293.15
870,"n-12,2,2,2 + ntf2",H,293.15
871,"n-14,1,1,1 + herbicide-2,4-DP",H,293.15
872,"n-14,2,2,2 + ntf2",H,293.05
873,"n-18,1,1,1 + herbicide-2,4-DP",H,293.15
874,n-1 + for,L,298.2
875,"n-1coo1,2,2,1 + so4-1",H,308.2
876,"n-1coo1,4,2,2 + so4-4",H,308.2
877,"n-1coo1,a,2,2 + ntf2",L,308.2
878,"n-1coo12,1,1,1 + dca",L,363.2
879,"n-1coo12,1,1,1 + la",L,353.2
880,"n-1coo14,1,1,1 + la",H,353.2
881,"n-1coo16,1,1,1 + la",H,353.2
882,n-1coo1 + no3,L,343.2
883,"n-1coo2,2,1,1 + so4-2",H,293.15
884,"n-1coo2,2,2,2 + ntf2",H,298.15
885,"n-1coo2,2,2,2 + so4-2",H,308.2
886,"n-1coo2,3,3,3 + ntf2",L,338.15
887,"n-1coo2,4,1,1 + so4-4",H,308.2
888,"n-1coo2,4,4,4 + bf4",H,318.15
889,"n-1coo2,4,4,4 + dca",H,303.15
890,"n-1coo2,4,4,4 + ntf2",H,298.15
891,"n-1coo2,5,1,1 + ntf2",L,308.2
892,"n-1coo2,6,1,1 + ntf2",L,308.2
893,"n-1coo2,a,1,1 + ntf2",L,308.2
894,"n-1coo6,1,1,1 + bf4",L,353.2
895,"n-1coo6,1,1,1 + dca",L,353.2
896,"n-1cooh,1,1,1 + ntf2",L,338.15
897,"n-1dmsodmsph,1,1,1 + ntf2",L,298.0
898,"n-1o1,1,1,1 + ntf2",L,298.2
899,"n-1o1,2,2,2 + dca",L,298.2
900,"n-1o1,2,2,2 + ntf2",L,298.15
901,"n-1o2,2odoe,1,1 + ntf2",H,298.2
902,"n-1o3,2odoe,1,1 + ntf2",H,298.2
903,"n-1o4,2odoe,1,1 + ntf2",H,298.2
904,"n-1o5,2odoe,1,1 + ntf2",H,298.2
905,"n-1o6,2odoe,1,1 + ntf2",H,298.2
906,"n-1o7,2odoe,1,1 + ntf2",H,298.2
907,"n-1o8,2odoe,1,1 + ntf2",H,298.2
908,"n-1o9,2odoe,1,1 + ntf2",H,298.2
909,"n-1o[10],2odoe,1,1 + ntf2",H,298.2
910,"n-1o[11],2odoe,1,1 + ntf2",H,298.2
911,"n-1o[12],2odoe,1,1 + ntf2",H,298.2
912,"n-1ph,2,2,2 + tfa",H,293.0
913,"n-2,1,1,1 + tsac",L,298.2
914,"n-2,1,1 + ac-ph",H,283.15
915,"n-2,1,1 + ac",L,283.15
916,"n-2,1,1 + for",L,293.2
917,"n-2,2,1 + otf",L,298.15
918,"n-2,2,1 + so3-1",L,298.15
919,"n-2,2,2,1 + so4-1",H,308.15
920,"n-2,2,2,2 + ala",L,298.15
921,"n-2,2,2,2 + bala",L,298.15
922,"n-2,2,2,2 + im41",H,293.0
923,"n-2,2,2,2 + npfso2f",L,298.0
924,"n-2,2,2,2 + oh",L,298.15
925,"n-2,2,2,2 + so4-1,1[f],chf2",H,298.2
926,"n-2,2,2,2 + so4-1,1[f]",H,298.2
927,"n-2,2,2,2 + so4-1,3[f],chf2",H,298.2
928,"n-2,2,2,2 + tsac",L,298.2
929,"n-2,2,2 + ac",L,298.15
930,"n-2,2,2 + for",L,298.2
931,"n-2,2,2 + h2po4",L,298.15
932,"n-2,2,2 + hso4",H,298.15
933,"n-2,2,2 + ntf2",L,298.0
934,"n-2,2,2 + otf",L,298.15
935,"n-2,2,2 + po2-o4,o4",L,298.2
936,"n-2,2,2 + so3-1",L,298.2
937,"n-2,2,2 + tfa-2[f]",L,298.0
938,"n-2,2,2 + tfa-4[f]",L,298.0
939,"n-2,2,2 + tfa-6[f]",H,298.0
940,"n-2,2,2 + tfa",L,298.0
941,"n-2,2 + ac",L,298.15
942,"n-2,2 + for",L,298.2
943,"n-2,2 + hso4",L,298.15
944,"n-2,2 + po2-o4,o4",H,298.2
945,n-2 + 1ac,L,298.2
946,n-2 + 2ac,H,298.2
947,n-2 + for,L,298.0
948,n-2 + glyc,H,298.2
949,n-2 + hso4,L,298.2
950,n-2 + la,H,298.2
951,n-2 + no3,L,283.15
952,"n-2coo1,1,1,1 + ntf2",H,298.0
953,"n-2coo1,2,1,1 + ntf2",H,273.15
954,"n-2coo1ph,1,1,1 + ntf2",H,298.0
955,"n-2dma,1,1 + ac",L,283.15
956,"n-2eh,2eh,1,1 + 1ac",H,298.2
957,"n-2eh,2eh,1,1 + ac",H,298.2
958,"n-2eh,2eh,1,1 + for",H,298.2
959,"n-2eh,2eh,1,1 + hso4",H,298.2
960,"n-2eh,2eh,1,1 + so3-1",H,298.2
961,"n-2eh,2eh,1,1 + tfa",H,298.2
962,"n-2n3,1,1,1 + dca",L,298.0
963,"n-2n3,2,1,1 + dca",L,298.0
964,"n-2n3,4,1,1 + dca",L,298.0
965,"n-2n3,a,1,1 + dca",L,298.0
966,n-2nh2 + ac,H,298.2
967,n-2nh2 + for,L,298.2
968,"n-2nh2 + po2-o4,o4",H,298.2
969,"n-2o1,1,1,1 + bf3-3[f]",L,298.2
970,"n-2o1,1,1,1 + bf4",H,297.2
971,"n-2o1,1,1,1 + ntf2",L,297.2
972,"n-2o1,1o1,1,1 + bf4",L,298.0
973,"n-2o1,1o1,1,1 + ntf2",L,298.0
974,"n-2o1,2,1,1 + bf3-1[f]",L,298.2
975,"n-2o1,2,1,1 + bf3-2[f]",L,298.2
976,"n-2o1,2,1,1 + bf3-3[f]",L,298.2
977,"n-2o1,2,1,1 + bf3-4[f]",L,298.2
978,"n-2o1,2,1,1 + bf4",H,298.0
979,"n-2o1,2,1,1 + fap",L,298.15
980,"n-2o1,2,1,1 + ntf2",L,298.0
981,"n-2o1,2,2,1 + bf3-1[f]",L,298.2
982,"n-2o1,2,2,1 + bf3-2[f]",L,298.2
983,"n-2o1,2,2,1 + bf3-2[f]o1[f]",L,298.2
984,"n-2o1,2,2,1 + bf3-3[f]",L,298.2
985,"n-2o1,2,2,1 + bf3-4[f]",L,298.2
986,"n-2o1,2,2,1 + bf4",H,298.2
987,"n-2o1,2,2,1 + ntf2",L,298.2
988,"n-2o1,2,2,1 + tfesi",H,283.15
989,"n-2o1,2,2,2 + bf3-1[f]",L,298.2
990,"n-2o1,2,2,2 + bf3-2[f]",L,298.2
991,"n-2o1,2,2,2 + bf3-3[f]",L,298.2
992,"n-2o1,2,2,2 + bf3-4[f]",L,298.2
993,"n-2o1,2,2,2 + ntf2",L,298.15
994,"n-2o1,2o1,1,1 + bf4",H,298.0
995,"n-2o1,2o1,1,1 + ntf2",L,298.0
996,n-2o1 + for,L,298.2
997,"n-2o2,1o1,1,1 + bf4",L,298.0
998,"n-2o2,1o1,1,1 + ntf2",L,298.0
999,"n-2o2,2,2,2 + ntf2",L,298.2
1000,"n-2o2,2o1,1,1 + ac",H,298.0
1001,"n-2o2,2o1,1,1 + bf4",H,298.0
1002,"n-2o2,2o1,1,1 + ntf2",L,298.0
1003,"n-2o2,2o2,1,1 + bf4",H,298.0
1004,"n-2o2,2o2,1,1 + ntf2",L,298.0
1005,"n-2o2,4,4,4 + ntf2",H,298.2
1006,"n-2o2,5,5,5 + ntf2",H,298.2
1007,"n-2o2oh,2o2oh + for",L,298.2
1008,"n-2o2oh,2o2oh + hso4",H,298.2
1009,"n-2o2oh,2o2oh + no3",H,298.2
1010,"n-2o2oh,2o2oh + tfa",H,298.2
1011,"n-2o2oh,[2o]22oh,13,1 + so4-1",H,283.0
1012,"n-2o2oh,[2o]22oh,13,1 + so4-[2o]21",H,283.0
1013,n-2o2oh + ac,H,298.2
1014,n-2o2oh + for,H,298.2
1015,n-2o2oh + la,H,298.2
1016,"n-2oh,1,1,1 + 1ac",H,293.15
1017,"n-2oh,1,1,1 + 2ac",H,293.15
1018,"n-2oh,1,1,1 + 4ac",H,293.15
1019,"n-2oh,1,1,1 + acsul",H,298.0
1020,"n-2oh,1,1,1 + ala",H,298.15
1021,"n-2oh,1,1,1 + bala",H,298.15
1022,"n-2oh,1,1,1 + bes",H,293.15
1023,"n-2oh,1,1,1 + biot",H,293.15
1024,"n-2oh,1,1,1 + capso",H,328.15
1025,"n-2oh,1,1,1 + dca",L,298.0
1026,"n-2oh,1,1,1 + gly",L,298.15
1027,"n-2oh,1,1,1 + im44",H,308.15
1028,"n-2oh,1,1,1 + la",H,283.9
1029,"n-2oh,1,1,1 + mal",H,293.15
1030,"n-2oh,1,1,1 + mopso",H,308.15
1031,"n-2oh,1,1,1 + ntf2",L,323.2
1032,"n-2oh,1,1,1 + pro",H,298.15
1033,"n-2oh,1,1,1 + sac",H,343.0
1034,"n-2oh,1,1,1 + ser",H,298.15
1035,"n-2oh,1,1,1 + so4-1",H,273.18
1036,"n-2oh,1,1,1 + vitaminC",H,293.15
1037,"n-2oh,1 + 1ac",H,288.15
1038,"n-2oh,1 + 2ac",H,288.15
1039,"n-2oh,1 + 2aci",H,288.15
1040,"n-2oh,1 + 3ac",H,288.15
1041,"n-2oh,1 + ac",H,288.15
1042,"n-2oh,1 + for",L,288.15
1043,"n-2oh,1ph,1,1 + ntf2",H,298.0
1044,"n-2oh,2,1,1 + so3-4",H,298.15
1045,"n-2oh,2,1,1 + so4-2",H,298.15
1046,"n-2oh,2,2 + otf",H,293.15
1047,"n-2oh,2,2 + tfa",L,293.15
1048,"n-2oh,2br,1,1 + ntf2",H,298.0
1049,"n-2oh,2oh,1 + ac",H,298.2
1050,"n-2oh,2oh,1 + la",H,298.2
1051,"n-2oh,2oh,2oh,1 + so4-1",H,298.15
1052,"n-2oh,2oh,2oh + 3ac",H,288.15
1053,"n-2oh,2oh,2oh + ac",H,298.2
1054,"n-2oh,2oh,2oh + for",H,318.15
1055,"n-2oh,2oh,2oh + la",H,298.2
1056,"n-2oh,2oh,2oh + mal",H,328.15
1057,"n-2oh,2oh + 1ac",H,293.15
1058,"n-2oh,2oh + 3ac",H,288.15
1059,"n-2oh,2oh + ac",H,298.2
1060,"n-2oh,2oh + for",H,298.2
1061,"n-2oh,2oh + la",H,298.2
1062,"n-2oh,2oh + mal",H,328.15
1063,"n-2oh,2oh + po2-o4,o4",H,298.2
1064,"n-2oh,2oh + so3-1",H,298.2
1065,"n-2oh,2oh + so3-nh2",H,298.2
1066,"n-2oh,3,1,1 + ntf2",L,293.15
1067,"n-2oh,3i,1,1 + ntf2",H,278.15
1068,"n-2oh,8,1,1 + ntf2",H,293.15
1069,"n-2oh,8i,1,1 + ntf2",H,293.15
1070,"n-2oh,ph + 1ac",L,293.15
1071,"n-2oh,ph + 2ac",L,293.15
1072,"n-2oh,ph + 3ac",L,293.15
1073,"n-2oh,ph + 4ac",L,293.15
1074,n-2oh + 3ac,H,288.15
1075,n-2oh + ac,H,298.2
1076,n-2oh + for,L,298.15
1077,n-2oh + hso4,H,298.2
1078,n-2oh + la,H,298.2
1079,n-2oh + mal,H,338.15
1080,n-2oh + no3,L,298.2
1081,"n-2ono2,1,1,1 + dca",H,298.0
1082,"n-2oso3h,1,1,1 + ntf2",H,298.0
1083,"n-2oso3h,2,2,2 + ntf2",H,298.0
1084,"n-2oso3h,6,6,6 + ntf2",H,298.0
1085,"n-2oso3h,8,8,8 + ntf2",H,298.0
1086,"n-3(1[f]),2,2,1 + ntf2",H,293.15
1087,"n-3,1,1,1 + c1c2",L,298.0
1088,"n-3,1,1,1 + ntf2",L,292.5
1089,"n-3,1,1,1 + tsac",L,298.2
1090,"n-3,2,1,1 + al(ohfip)4",L,298.2
1091,"n-3,2,1,1 + al2br7",L,281.0
1092,"n-3,2,1,1 + ntf2",L,293.15
1093,"n-3,2,2,1 + ntf2",L,298.2
1094,"n-3,2,2,1 + tfesi",H,283.15
1095,"n-3,3,2,1 + ntf2",L,293.15
1096,"n-3,3,3,3 + oh",L,298.15
1097,"n-3,3,3,3 + so4-4",H,308.15
1098,"n-3,3 + scn",L,298.0
1099,"n-3,3i,1,1 + ntf2",H,278.15
1100,n-3 + ac,H,293.15
1101,n-3 + for,L,298.0
1102,n-3 + no3,L,283.15
1103,"n-3cooh,1,1,1 + ntf2",H,298.0
1104,"n-3i,1,1,1 + tsac",L,298.2
1105,"n-3i,3i,1 + ac",L,298.2
1106,"n-3i,3i,1 + for",L,298.2
1107,"n-3i,3i,1 + hf2",L,298.2
1108,"n-3i,3i,2 + ac",L,298.2
1109,"n-3i,3i,2 + for",L,298.2
1110,"n-3i,3i,2 + hf2",L,298.2
1111,n-3o1 + ac,H,288.15
1112,"n-3oh[2](cl),1,1,1 + ntf2",H,283.2
1113,n-3oh[2] + for,H,298.2
1114,n-3oh + ac,H,318.15
1115,n-3oh + for,H,288.15
1116,n-3oh + mal,H,348.15
1117,n-3oh + tfa,H,293.15
1118,"n-3oso3h,1,1,1 + ntf2",H,298.0
1119,"n-3so3h,4i + hso4",H,308.15
1120,"n-4,1,1,1 + ntf2",H,278.15
1121,"n-4,2,1,1 + bf3-1[f]",H,298.2
1122,"n-4,2,1,1 + bf3-2[f]",L,298.2
1123,"n-4,2,1,1 + ntf2",L,298.2
1124,"n-4,2,1,1 + so4-2",H,298.15
1125,"n-4,2,2,1 + al2br7",L,281.0
1126,"n-4,2,2,1 + bf3-2[f]o1[f]",L,298.2
1127,"n-4,2,2,1 + ntf2",L,298.2
1128,"n-4,2,2,1 + tfesi",H,283.15
1129,"n-4,2,2,2 + ac",H,298.2
1130,"n-4,3,1,1 + al2br7",L,281.0
1131,"n-4,3,1,1 + ntf2",L,298.2
1132,"n-4,3i,1,1 + ntf2",H,278.15
1133,"n-4,4,4,1 + al(ohfip)4",L,298.2
1134,"n-4,4,4,1 + dca",H,298.2
1135,"n-4,4,4,1 + ntf2",H,298.15
1136,"n-4,4,4,4 + al(ohfip)4",L,313.2
1137,"n-4,4,4,4 + bala",H,298.15
1138,"n-4,4,4,4 + behss",H,298.15
1139,"n-4,4,4,4 + bes",H,313.15
1140,"n-4,4,4,4 + bf2ox",L,303.15
1141,"n-4,4,4,4 + capso",H,308.15
1142,"n-4,4,4,4 + croc",H,308.2
1143,"n-4,4,4,4 + gly",H,298.15
1144,"n-4,4,4,4 + mopso",H,308.15
1145,"n-4,4,4,4 + oh",L,298.15
1146,"n-4,4,4,4 + phen-no2[2],no2[4],no2[6]",L,364.0
1147,"n-4,4,4,4 + so3-4[f]",H,293.15
1148,"n-4,4,4,4 + so3-8[f]",H,293.15
1149,"n-4,4,4,4 + so4-1,1[f],chf2",H,298.2
1150,"n-4,4,4,4 + so4-1,3[f],chf2",L,298.2
1151,"n-4,4,4,4 + val",H,298.15
1152,"n-4,4,4 + no3",H,298.0
1153,"n-4,4 + for",L,298.2
1154,"n-4,4 + po2-o4,o4",L,298.2
1155,n-4 + ac,H,293.15
1156,n-4 + for,L,298.0
1157,n-4 + hso4,H,288.15
1158,n-4 + no3,L,283.15
1159,n-4 + scn,L,298.0
1160,n-4i + for,H,300.2
1161,"n-4oso3h,1,1,1 + ntf2",H,298.0
1162,n-4s + scn,H,298.0
1163,"n-4so3h,4i + hso4",H,298.15
1164,"n-5,2,1,1 + ntf2",H,273.15
1165,"n-5,2,2,2 + al(ohfip)4",L,298.2
1166,"n-5,2,2,2 + al2br7",L,281.0
1167,"n-5,2,2,2 + ntf2",L,298.15
1168,"n-5,5,5,5 + behss",H,298.15
1169,"n-5,5,5,5 + c1c2",H,298.0
1170,"n-5,5,5,5 + ntf2",H,298.0
1171,"n-5,5,5,5 + tsac",H,298.0
1172,n-5 + for,L,298.2
1173,n-5i + for,H,300.2
1174,"n-6,1,1,1 + ntf2",L,298.15
1175,"n-6,2,2,2 + dca",L,298.2
1176,"n-6,2,2,2 + ntf2",H,293.25
1177,"n-6,3i,1,1 + ntf2",H,278.15
1178,"n-6,4,4,4 + ntf2",H,298.15
1179,"n-6,6,6,2 + al(ohfip)4",L,298.2
1180,"n-6,6,6,2 + ntf2",H,298.2
1181,"n-6,6,6,6 + behss",H,298.15
1182,"n-6,6,6,6 + ntf2",H,298.0
1183,"n-6,6,6,6 + ph-coo",H,298.0
1184,"n-7,1,1,1 + ntf2",L,298.15
1185,"n-7,2,1,1 + ntf2",H,273.15
1186,"n-7,2,2,2 + ntf2",H,293.25
1187,"n-7,3i,3i,2 + ntf2",H,298.15
1188,"n-7,4,4,4 + ntf2",H,298.15
1189,"n-7,7,7,7 + behss",H,298.15
1190,"n-7,7,7,7 + cl",H,298.0
1191,"n-7,7,7,7 + ntf2",H,298.0
1192,"n-8,1,1,1 + ntf2",L,298.15
1193,"n-8,2,2,2 + dca",H,298.2
1194,"n-8,2,2,2 + fsa",L,298.15
1195,"n-8,2,2,2 + ntf2",H,293.05
1196,"n-8,4,4,4 + ntf2",H,298.15
1197,"n-8,4,4,4 + otf",H,298.15
1198,"n-8,8,8,1 + al(ohfip)4",L,298.2
1199,"n-8,8,8,1 + cl",H,313.0
1200,"n-8,8,8,1 + ntf2",H,298.0
1201,"n-8,8,8,1 + so4-1,1[f],chf2",H,298.2
1202,"n-8,8,8,1 + so4-1,1[f]",H,298.2
1203,"n-8,8,8,1 + so4-1,3[f],chf2",H,298.2
1204,"n-8,8,8,1 + tfa",H,298.2
1205,"n-8,8,8,1 + tfpb",H,329.0
1206,"n-8,8,8,8 + behss",H,298.15
1207,"n-8,8,8 + 8ac-6[2]",L,293.15
1208,"n-8,8,8 + ac-2ph",L,293.15
1209,"n-8,8,8 + naphthoate2",H,293.15
1210,"n-8,8,8 + ph-coo[1],4t[4]",L,293.15
1211,"n-[2o]21,1,1,1 + ntf2",L,298.0
1212,"n-[2o]21,2,1,1 + ntf2",H,273.15
1213,"n-[2o]21,[2o]21,[2o]21,2 + ntf2",L,293.15
1214,"n-a,1,1,1 + tsac",L,298.2
1215,"n-a,a + ac",L,288.15
1216,"n-a,a + for",L,288.15
1217,"n-a,a + mal",H,318.15
1218,"n-ch,10,1,1 + ac",L,298.2
1219,"n-ch,12,1,1 + ac",L,298.2
1220,"n-ch,2,1,1 + ac",L,373.2
1221,"n-ch,4,1,1 + ac-[o2]2o1",L,298.2
1222,"n-ch,4,1,1 + ac-o1",L,298.2
1223,"n-ch,4,1,1 + ac-o2",L,373.2
1224,"n-ch,4,1,1 + ac-o2o1",L,373.2
1225,"n-ch,4,1,1 + ac",L,298.2
1226,"n-ch,4,1,1 + for",L,298.2
1227,"n-ch,6,1,1 + ac-[o2]2o1",L,298.2
1228,"n-ch,6,1,1 + ac-o1",L,298.2
1229,"n-ch,6,1,1 + ac-o2",L,373.2
1230,"n-ch,6,1,1 + ac-o2o1",L,298.2
1231,"n-ch,6,1,1 + ac",L,298.2
1232,"n-ch,6,1,1 + for",L,298.2
1233,"n-ch,8,1,1 + ac-[o2]2o1",L,298.2
1234,"n-ch,8,1,1 + ac-o1",L,298.2
1235,"n-ch,8,1,1 + ac-o2",L,373.2
1236,"n-ch,8,1,1 + ac-o2o1",L,298.2
1237,"n-ch,8,1,1 + ac",H,298.2
1238,"n-ch,8,1,1 + for",L,298.2
1239,"n-moxm,10,1,1 + ntf2",H,303.2
1240,"n-moxm,11,1,1 + ntf2",H,303.2
1241,"n-moxm,2,1,1 + ntf2",H,303.2
1242,"n-moxm,2,2,1 + ntf2",H,303.2
1243,"n-moxm,2,2,2 + ntf2",H,303.2
1244,"n-moxm,4,1,1 + ntf2",H,303.2
1245,"n-moxm,6,1,1 + ntf2",H,303.2
1246,"n-moxm,7,1,1 + ntf2",H,303.2
1247,"n-moxm,8,1,1 + ntf2",H,303.2
1248,"n-moxm,9,1,1 + ntf2",H,303.2
1249,"n-nh2,1cch,1,1 + dca",H,298.2
1250,"n-nh2,1cch,1,1 + ncnno2",H,298.2
1251,"n-nh2,1cn,1,1 + dca",H,298.2
1252,"n-nh2,1cn,1,1 + ncnno2",H,298.2
1253,"n-nh2,2,1,1 + dca",L,298.2
1254,"n-nh2,2oh,1,1 + dca",L,298.2
1255,"n-nh2,2oh,1,1 + ncnno2",L,298.2
1256,"n-nh2,4,1,1 + dca",L,298.2
1257,"n-nh2,4,1,1 + ncnno2",L,298.2
1258,"n-nh2,a,1,1 + dca",L,298.2
1259,"n-nh2,a,1,1 + ncnno2",L,298.2
1260,"n-ph,1,1,1 + ntf2",H,293.0
1261,"n=c-o1,1,1 + ntf2",L,298.2
1262,"n=c-o1,1,1 + otf",L,298.2
1263,"n=c-o2,1,1 + ntf2",L,298.2
1264,"n=c-o2,1,1 + otf",L,298.2
1265,"n=c1-o1,2,2 + ntf2",L,298.2
1266,"n=c1-o1,2,2 + otf",L,323.2
1267,"n=c1-o2,1,1 + ntf2",L,298.2
1268,"n=c1-o2,2,2 + ntf2",L,298.2
1269,"n=c1-o2,2,2 + otf",L,323.2
1270,"ox-2o1,1 + bf3-1[f]",L,298.2
1271,"ox-2o1,1 + bf3-2[f]",L,298.2
1272,"ox-2o1,1 + bf3-3[f]",L,298.2
1273,"ox-2o1,1 + bf3-4[f]",L,298.2
1274,"ox-2o1,1 + bf4",H,298.2
1275,"ox-2o1,1 + ntf2",L,298.2
1276,"ox-3,1 + ntf2",H,298.2
1277,"ox-3f,1 + ntf2",H,298.2
1278,"ox-4,1 + bf3-1[f]",L,298.2
1279,"ox-4,1 + bf3-2[f]",L,298.2
1280,"ox-4,1 + bf4",H,298.2
1281,"ox-4,1 + ntf2",L,298.2
1282,"p-10,2,2,2 + pyrazolide-no2[4]",H,278.15
1283,"p-10,4,4,4 + cl",H,293.15
1284,"p-10,6,6,6 + acsul",H,293.2
1285,"p-10,8,8,8 + cl",H,293.15
1286,"p-12,2,2,2 + ntf2",L,298.15
1287,"p-12,2,2,2 + pyrrolide-cn[2]",H,278.15
1288,"p-12,4,4,4 + bf4",H,298.2
1289,"p-12,4,4,4 + cl",H,303.15
1290,"p-12,4,4,4 + ntf2",H,298.2
1291,"p-12,4,4,4 + pyrrolide-cn[2]",H,283.15
1292,"p-12,4,4,4 + so3-ph-coo1[3],coo1[5]",H,303.2
1293,"p-12,4,4,4 + triazolide123",H,278.15
1294,"p-12,6,6,6 + acsul",H,293.2
1295,"p-12,8,8,8 + cl",H,293.15
1296,"p-14,4,4,4 + bmb",H,313.15
1297,"p-14,4,4,4 + bscb",H,293.15
1298,"p-14,4,4,4 + dbs",H,303.2
1299,"p-14,4,4,4 + po2-o8i,o8i",H,295.2
1300,"p-14,6,6,6 + 8ac",H,278.15
1301,"p-14,6,6,6 + ac-nh1",H,283.15
1302,"p-14,6,6,6 + ac",H,278.15
1303,"p-14,6,6,6 + acsul",H,293.2
1304,"p-14,6,6,6 + ala",H,283.15
1305,"p-14,6,6,6 + behss",H,298.15
1306,"p-14,6,6,6 + benzimidazolide-br[6]",H,283.15
1307,"p-14,6,6,6 + benzimidazolide-s1[2]",H,283.15
1308,"p-14,6,6,6 + benzimidazolide",H,283.15
1309,"p-14,6,6,6 + bf4",H,278.15
1310,"p-14,6,6,6 + bmb",H,313.15
1311,"p-14,6,6,6 + bmlb",H,303.15
1312,"p-14,6,6,6 + bob",H,313.15
1313,"p-14,6,6,6 + br",H,278.15
1314,"p-14,6,6,6 + bscb",H,293.15
1315,"p-14,6,6,6 + cl",H,293.15
1316,"p-14,6,6,6 + cocl4",H,293.15
1317,"p-14,6,6,6 + cyc",H,313.0
1318,"p-14,6,6,6 + dbs",H,313.0
1319,"p-14,6,6,6 + dca",H,298.15
1320,"p-14,6,6,6 + fap",H,283.1
1321,"p-14,6,6,6 + fecl4",H,283.15
1322,"p-14,6,6,6 + fpi",H,293.0
1323,"p-14,6,6,6 + gdcl6",H,293.15
1324,"p-14,6,6,6 + gly",H,283.15
1325,"p-14,6,6,6 + hfps",H,283.1
1326,"p-14,6,6,6 + ile",H,283.15
1327,"p-14,6,6,6 + imidazolide-1[2],no2[5]",H,278.15
1328,"p-14,6,6,6 + imidazolide-cl[4],cl[5]",H,278.15
1329,"p-14,6,6,6 + imidazolide-cn[4],cn[5]",H,278.15
1330,"p-14,6,6,6 + imidazolide-no2[4]",H,278.15
1331,"p-14,6,6,6 + indazolide",H,283.15
1332,"p-14,6,6,6 + leu",H,283.15
1333,"p-14,6,6,6 + mncl4",H,293.15
1334,"p-14,6,6,6 + naph1",H,296.2
1335,"p-14,6,6,6 + naph2",H,296.2
1336,"p-14,6,6,6 + ntf2",H,278.15
1337,"p-14,6,6,6 + ox",H,283.2
1338,"p-14,6,6,6 + phen-1[2],1[4]",H,296.2
1339,"p-14,6,6,6 + phen-1[2],1[6]",H,296.2
1340,"p-14,6,6,6 + phen-1[2]",H,296.2
1341,"p-14,6,6,6 + phen-1[3]",H,296.2
1342,"p-14,6,6,6 + phen-1[4]",H,296.2
1343,"p-14,6,6,6 + phen-1[f][4]",H,296.2
1344,"p-14,6,6,6 + phen-3i[4]",H,296.2
1345,"p-14,6,6,6 + phen-4t[4]",H,296.2
1346,"p-14,6,6,6 + phen-cl[2],cl[4],cl[6]",H,296.2
1347,"p-14,6,6,6 + phen-cl[2],cl[4]",H,296.2
1348,"p-14,6,6,6 + phen-cl[2]",H,296.2
1349,"p-14,6,6,6 + phen-cl[3]",H,296.2
1350,"p-14,6,6,6 + phen-cl[4]",H,296.2
1351,"p-14,6,6,6 + phen-no2[4]",H,296.2
1352,"p-14,6,6,6 + phen-o1[3]",H,296.2
1353,"p-14,6,6,6 + phen-o1[4]",H,296.2
1354,"p-14,6,6,6 + phen",H,296.2
1355,"p-14,6,6,6 + po2-8i,8i",H,298.15
1356,"p-14,6,6,6 + po2-o8i,o8i",H,295.2
1357,"p-14,6,6,6 + pyrazolide-cf3[3]",H,283.15
1358,"p-14,6,6,6 + pyrazolide-no2[4]",H,278.15
1359,"p-14,6,6,6 + sac",H,313.0
1360,"p-14,6,6,6 + so3-1",H,278.15
1361,"p-14,6,6,6 + tetrazolide",H,278.15
1362,"p-14,6,6,6 + tpes",H,283.1
1363,"p-14,6,6,6 + triazolide",H,283.15
1364,"p-14,6,6,6 + triazolide123",H,278.15
1365,"p-14,6,6,6 + val",H,283.15
1366,"p-14,8,8,8 + behss",H,293.15
1367,"p-14,8,8,8 + cl",H,293.15
1368,"p-16,6,6,6 + acsul",H,293.2
1369,"p-18,4,4,4 + pyrrolide-cn[2]",H,283.15
1370,"p-18,4,4,4 + triazolide123",L,323.15
1371,"p-1o1,1,1,1 + fsa",L,298.15
1372,"p-1o1,1,1,1 + ntf2",L,298.15
1373,"p-1o1,2,2,2 + dca",L,298.2
1374,"p-1o1,2,2,2 + ntf2",L,298.15
1375,"p-1o1,4,4,4 + triazolide123",H,278.15
1376,"p-1o2,2,2,2 + triazolide123",L,303.15
1377,"p-1o2o1,2,2,2 + imidazolide-1[2],no2[5]",H,278.15
1378,"p-1o2o1,2,2,2 + pyrazolide-no2[4]",H,278.15
1379,"p-1o2o1,2,2,2 + triazolide123",H,278.15
1380,"p-1ph,2,2,2 + ntf2",H,298.15
1381,"p-1pha[4],8,8,8 + bf4",H,293.2
1382,"p-1pha[4],8,8,8 + no2",H,298.2
1383,"p-1pha[4],8,8,8 + ntf2",H,293.2
1384,"p-1pha[4],8,8,8 + pf6",H,293.2
1385,"p-2,2,2,2 + pyrrolide-cn[2]",H,278.15
1386,"p-2o1,2,2,2 + dca",L,298.2
1387,"p-2o1,2,2,2 + ntf2",L,298.15
1388,"p-2oh,4,4,4 + ntf2",L,303.2
1389,"p-2oso3h,4,4,4 + ntf2",H,298.0
1390,"p-2oso3h,8,8,8 + ntf2",H,298.0
1391,"p-2v,2,2,2 + pyrazolide-no2[4]",L,298.15
1392,"p-3,1,1,1 + fsa",L,298.15
1393,"p-3chch2,2,2,2 + ntf2",L,298.2
1394,"p-3nh2,4,4,4 + ala",H,298.15
1395,"p-3nh2,4,4,4 + arg",H,308.1
1396,"p-3nh2,4,4,4 + asn",H,328.1
1397,"p-3nh2,4,4,4 + asp",H,328.1
1398,"p-3nh2,4,4,4 + cys",H,338.1
1399,"p-3nh2,4,4,4 + gln",H,328.1
1400,"p-3nh2,4,4,4 + glu",H,328.1
1401,"p-3nh2,4,4,4 + gly",H,298.1
1402,"p-3nh2,4,4,4 + ile",H,298.1
1403,"p-3nh2,4,4,4 + leu",H,298.15
1404,"p-3nh2,4,4,4 + lys",H,298.1
1405,"p-3nh2,4,4,4 + met",H,298.1
1406,"p-3nh2,4,4,4 + phe",H,298.1
1407,"p-3nh2,4,4,4 + pro",H,298.1
1408,"p-3nh2,4,4,4 + ser",H,298.1
1409,"p-3nh2,4,4,4 + thr",H,298.1
1410,"p-3nh2,4,4,4 + tyr",H,348.1
1411,"p-3nh2,4,4,4 + val",H,298.15
1412,"p-3oh(oh[2]),8,8,8 + bf4",H,293.2
1413,"p-3oh(oh[2]),8,8,8 + cl",H,293.2
1414,"p-3oh(oh[2]),8,8,8 + no2",H,293.2
1415,"p-3oh(oh[2]),8,8,8 + ntf2",H,293.2
1416,"p-3oh(oh[2]),8,8,8 + pf6",H,293.2
1417,"p-4,2,2,2 + dca",L,298.2
1418,"p-4,2,2,2 + imidazolide-1[2],no2[5]",H,278.15
1419,"p-4,2,2,2 + po2-o2,o2",H,303.2
1420,"p-4,2,2,2 + pyrazolide-no2[4]",H,278.15
1421,"p-4,2,2,2 + pyrrolide-cn[2]",L,293.15
1422,"p-4,4,4,1 + cl",H,293.15
1423,"p-4,4,4,1 + dca",L,298.2
1424,"p-4,4,4,1 + ntf2",H,298.2
1425,"p-4,4,4,1 + po2-8i,8i",H,323.15
1426,"p-4,4,4,1 + po2-o1,o1",H,303.2
1427,"p-4,4,4,1 + so4-1",H,293.15
1428,"p-4,4,4,1 + so4-12",H,288.15
1429,"p-4,4,4,2 + po2-o2,o2",H,293.15
1430,"p-4,4,4,4 + 1ac",H,298.15
1431,"p-4,4,4,4 + 2ac",L,298.15
1432,"p-4,4,4,4 + ac",H,298.15
1433,"p-4,4,4,4 + ala",H,293.2
1434,"p-4,4,4,4 + bala",H,293.2
1435,"p-4,4,4,4 + bes",H,288.15
1436,"p-4,4,4,4 + capso",H,288.15
1437,"p-4,4,4,4 + for",H,298.15
1438,"p-4,4,4,4 + gly",H,293.2
1439,"p-4,4,4,4 + lys",H,293.2
1440,"p-4,4,4,4 + mopso",H,288.15
1441,"p-4,4,4,4 + phen-f[2]",L,303.15
1442,"p-4,4,4,4 + phen-f[3]",L,303.15
1443,"p-4,4,4,4 + phen-f[4]",L,303.15
1444,"p-4,4,4,4 + phen",L,303.15
1445,"p-4,4,4,4 + po2-8i,8i",H,298.15
1446,"p-4,4,4,4 + po2-o8i,o8i",H,295.2
1447,"p-4,4,4,4 + pro",H,298.15
1448,"p-4,4,4,4 + ps2-o2,o2",H,303.2
1449,"p-4,4,4,4 + sac",H,313.0
1450,"p-4,4,4,4 + ser",H,293.2
1451,"p-4,4,4,4 + val",H,298.15
1452,"p-4,4,4 + bf4",H,293.15
1453,"p-4i,1,1,1 + fsa",L,298.15
1454,"p-4i,4i,4i,1 + so3-ph1",H,298.15
1455,"p-5,2,2,2 + al2br7",L,281.0
1456,"p-5,2,2,2 + fsa",L,298.15
1457,"p-5,2,2,2 + ntf2",L,298.15
1458,"p-6,1,1,1 + ntf2",L,298.0
1459,"p-6,1,1,1 + tsac",L,298.0
1460,"p-6,2,2,2 + dca",L,298.2
1461,"p-6,4,4,4 + cl",H,303.15
1462,"p-6,4,4,4 + ntf2",H,278.15
1463,"p-6,6,6,2 + acsul",H,293.2
1464,"p-6,6,6,3 + acsul",H,293.2
1465,"p-6,6,6,4 + acsul",H,293.2
1466,"p-6,6,6,4i + bmb",L,313.2
1467,"p-6,6,6,4i + bob",H,313.2
1468,"p-6,6,6,4i + br",H,313.2
1469,"p-6,6,6,4i + bscb",H,313.2
1470,"p-6,6,6,6 + acsul",H,293.2
1471,"p-7,2,2,2 + pyrazolide-no2[4]",H,278.15
1472,"p-7,6,6,6 + acsul",H,293.2
1473,"p-8,1,1,1 + po2-8i,8i",H,298.15
1474,"p-8,2,2,2 + dca",L,298.2
1475,"p-8,2,2,2 + imidazolide-1[2],no2[5]",H,278.15
1476,"p-8,2,2,2 + imidazolide-no2[4]",H,278.15
1477,"p-8,2,2,2 + ntf2",L,298.15
1478,"p-8,2,2,2 + pyrazolide-no2[4]",H,278.15
1479,"p-8,2,2,2 + pyrrolide-cn[2]",H,278.15
1480,"p-8,4,4,4 + bf4",H,298.2
1481,"p-8,4,4,4 + bmb",H,303.15
1482,"p-8,4,4,4 + bscb",H,293.15
1483,"p-8,4,4,4 + cl",H,293.15
1484,"p-8,4,4,4 + dca",H,298.2
1485,"p-8,4,4,4 + ntf2",H,298.15
1486,"p-8,4,4,4 + otf",H,298.2
1487,"p-8,4,4,4 + pf6",H,298.2
1488,"p-8,4,4,4 + po2-o8i,o8i",H,295.2
1489,"p-8,4,4,4 + scn",H,298.2
1490,"p-8,4,4,4 + so3-ph1",H,298.2
1491,"p-8,4,4,4 + tfa",H,298.2
1492,"p-8,6,6,6 + acsul",H,293.2
1493,"p-8,8,8,1 + ntf2",H,283.15
1494,"p-8,8,8,3 + cl",H,303.15
1495,"p-8,8,8,4 + cl",H,293.15
1496,"p-8,8,8,5 + cl",H,293.15
1497,"p-8,8,8,6 + cl",H,293.15
1498,"p-8,8,8,7 + cl",H,293.15
1499,"p-8,8,8,8 + br",H,318.15
1500,"p-8,8,8,8 + cl",H,293.15
1501,"p-8,8,8,8 + ntf2",H,298.15
1502,"p-8,8,8,8 + po2-o8i,o8i",H,313.2
1503,"p-8,8,8,8 + tb",H,298.2
1504,"p-9,2,2,2 + pyrazolide-no2[4]",H,278.15
1505,"p-9,8,8,8 + cl",H,293.15
1506,"p-a,1,1,1 + ntf2",L,298.15
1507,"p-a,1,1,1 + tfa",L,298.15
1508,"p-a,4,4,4 + ntf2",L,303.2
1509,pip-1 + bf4,L,303.15
1510,pip-1 + tfa-2[f],L,298.0
1511,pip-1 + tfa-4[f],L,298.0
1512,pip-1 + tfa-6[f],H,298.0
1513,pip-1 + tfa,L,298.0
1514,"pip-1cn,1 + ntf2",H,292.0
1515,"pip-1coo1,2 + ntf2",H,293.1
1516,"pip-1o1,1 + ntf2",L,298.0
1517,"pip-1o1,2 + ntf2",L,293.1
1518,"pip-2,1 + po3h-2",L,293.18
1519,"pip-2,1 + so4-2",H,303.15
1520,"pip-2o1,1,1[3] + ntf2",L,298.0
1521,"pip-2o1,1,1[3] + otf",H,298.0
1522,"pip-2o1,1,1[3] + tfa",H,298.0
1523,"pip-2o1,1 + bf3-1[f]",H,298.2
1524,"pip-2o1,1 + bf3-2[f]",L,298.2
1525,"pip-2o1,1 + bf3-3[f]",L,298.2
1526,"pip-2o1,1 + bf3-4[f]",L,298.2
1527,"pip-2o1,1 + bf4",H,298.2
1528,"pip-2o1,1 + fap",L,298.15
1529,"pip-2o1,1 + ntf2",L,298.15
1530,"pip-2o1,1 + otf",H,298.1
1531,"pip-2o1,1 + tfa",H,298.1
1532,"pip-2o1,2 + ntf2",L,293.1
1533,"pip-2o1,2o1 + ntf2",L,298.15
1534,"pip-2o1,2o2 + ntf2",L,298.15
1535,"pip-2oh,1 + ntf2",L,303.15
1536,"pip-2oh,2 + ntf2",L,303.15
1537,"pip-3(1[f]),1 + ntf2",H,298.2
1538,"pip-3,1 + c1c2",H,298.0
1539,"pip-3,1 + fsa",L,298.2
1540,"pip-3,1 + npfso2f",L,298.0
1541,"pip-3,1 + ntf2",L,293.2
1542,"pip-3,1 + tfesi",H,283.15
1543,"pip-3,1 + tsac",L,298.0
1544,"pip-3cn,1 + ntf2",H,292.0
1545,"pip-3cn,1 + scn",H,313.15
1546,"pip-3oh,1 + ntf2",L,303.15
1547,"pip-3oh,1 + scn",H,308.15
1548,"pip-3oh,2 + ntf2",H,303.15
1549,"pip-4,1,1[3] + ntf2",H,298.0
1550,"pip-4,1 + bf3-1[f]",H,298.2
1551,"pip-4,1 + dca",L,293.15
1552,"pip-4,1 + ntf2",L,298.15
1553,"pip-4,1 + otf",L,333.15
1554,"pip-4,1 + po3h-4",L,293.18
1555,"pip-4,1 + scn",H,318.15
1556,"pip-4,1 + tcb",L,298.2
1557,"pip-4,2 + ntf2",H,293.2
1558,"pip-4i,1 + ntf2",L,293.15
1559,"pip-5,1 + ntf2",H,293.2
1560,"pip-5,2 + ntf2",H,293.2
1561,"pip-6,1,1[3] + ntf2",H,298.0
1562,"pip-6,1 + ntf2",H,293.2
1563,"pip-6,1 + po3h-6",H,293.18
1564,"pip-7,1 + ntf2",H,293.2
1565,"pip-8,1 + ntf2",H,293.2
1566,"pip-8,1 + po3h-8",L,293.18
1567,"pip-[2o]21,1,1[3] + ntf2",L,298.1
1568,"pip-[2o]21,1,1[3] + otf",H,298.1
1569,"pip-[2o]21,1,1[3] + tfa",H,298.1
1570,"pip-[2o]21,1 + ntf2",L,298.0
1571,"pip-[2o]21,[2o]21 + ntf2",H,292.15
1572,"pip-a,1 + ntf2",L,298.2
1573,"pip-a,a + ntf2",L,298.2
1574,pip + ntf2,L,303.2
1575,"pipz-2,2 + so4-1,3[f],chf2",H,298.2
1576,pipz-2 + 1ac,H,298.15
1577,"pphin-4,1 + ntf2",L,298.2
1578,"pphin-ph,4 + ntf2",L,348.2
1579,"pphol-4,1 + ntf2",L,298.2
1580,"pphol-ph,4 + ntf2",H,298.2
1581,py(D)-2D + fap,L,293.15
1582,"py-1,1[3] + so4-1",L,298.15
1583,"py-1,2[2] + so4-1",H,298.15
1584,"py-10,py[4] + ntf2",L,298.0
1585,py-10 + fecl4,H,298.0
1586,py-10 + ntf2,H,293.1
1587,py-10cn + ntf2,H,292.0
1588,py-12 + ntf2,H,293.1
1589,py-16 + ntf2,L,353.2
1590,py-1[4] + hso4,H,293.15
1591,py-1 + so4-1,L,298.15
1592,py-1ch + ntf2,L,323.5
1593,"py-1cn,1[2],1[5] + ntf2",H,292.0
1594,"py-1cn,1[3] + ntf2",L,292.0
1595,"py-1cn,1[4] + ntf2",H,292.0
1596,py-1coo2 + ntf2,H,293.15
1597,"py-1o1,dma[4] + ntf2",L,293.2
1598,"py-1o2,dma[4] + ntf2",L,293.2
1599,"py-1o3,dma[4] + ntf2",L,293.2
1600,"py-1o4,dma[4] + ntf2",L,293.2
1601,"py-1o5,dma[4] + ntf2",L,293.2
1602,"py-1o6,dma[4] + ntf2",L,293.2
1603,"py-1o7,dma[4] + ntf2",L,293.2
1604,"py-1o8,dma[4] + ntf2",L,293.2
1605,"py-1o9,dma[4] + ntf2",L,293.2
1606,"py-1ph,1[2] + ntf2",L,298.0
1607,"py-1ph,1[3] + ntf2",L,298.0
1608,"py-1ph,1[4] + ntf2",L,298.0
1609,py-1ph + ntf2,L,298.0
1610,"py-2,1[2] + ntf2",L,293.15
1611,"py-2,1[3] + ntf2",L,293.15
1612,"py-2,1[3] + so3-4[f]",H,308.15
1613,"py-2,1[3] + so4-2",L,298.15
1614,"py-2,1[3] + tfa-3[f]",H,293.15
1615,"py-2,1[4] + ntf2",L,298.1
1616,"py-2,1[4] + so3-4[f]",H,283.15
1617,"py-2,1[f][3] + ntf2",L,303.15
1618,"py-2,1[f][4] + ntf2",L,303.15
1619,"py-2,2[2] + ntf2",L,293.15
1620,"py-2,2[2] + so4-2",H,298.15
1621,"py-2,3[2] + ntf2",L,293.15
1622,"py-2,4[2] + ntf2",L,293.15
1623,"py-2,5[2] + ntf2",L,293.15
1624,"py-2,6[2] + ntf2",L,293.15
1625,"py-2,7[2] + ntf2",L,293.15
1626,"py-2,8[2] + ntf2",H,293.15
1627,"py-2,cn[2] + ntf2",H,298.15
1628,"py-2,cn[2] + so4-2",H,293.15
1629,"py-2,cn[3] + ntf2",L,348.15
1630,"py-2,cn[3] + so4-2",H,293.15
1631,"py-2,cn[4] + ntf2",L,328.15
1632,"py-2,cn[4] + so4-2",H,293.15
1633,"py-2,coo2[3] + so4-2",H,283.0
1634,py-2 + dca,L,298.0
1635,py-2 + fap,L,293.15
1636,py-2 + ntf2,L,298.15
1637,py-2 + otf,L,293.15
1638,"py-2 + so4-1,3[f],chf2",H,298.2
1639,py-2 + so4-2,L,298.15
1640,py-2cn + ntf2,H,292.0
1641,py-2o1 + ntf2,L,293.15
1642,py-2oh + dca,L,298.0
1643,py-2oh + ntf2,H,273.15
1644,"py-3,1[3] + ntf2",L,278.15
1645,"py-3,1[3] + pf6",L,318.15
1646,py-3 + bf4,L,293.15
1647,py-3 + ntf2,L,308.15
1648,"py-3cn,1[2],1[5] + ntf2",L,292.0
1649,"py-3cn,1[2] + ntf2",H,292.0
1650,"py-3cn,1[3] + ntf2",L,292.0
1651,"py-3cn,1[4] + ntf2",H,292.0
1652,"py-3cn,2[2] + ntf2",L,292.0
1653,"py-3cn,2[4] + ntf2",H,292.0
1654,"py-3cn,coo1[3] + ntf2",H,292.0
1655,py-3cn + dca,L,298.2
1656,py-3cn + ntf2,H,292.0
1657,py-3oh + ntf2,L,293.15
1658,"py-4,1[2],1[3] + ntf2",H,283.31
1659,"py-4,1[2] + bf4",H,288.15
1660,"py-4,1[2] + ntf2",L,293.15
1661,"py-4,1[3],1[5] + ntf2",L,283.19
1662,"py-4,1[3] + bf4",H,278.15
1663,"py-4,1[3] + ccn3",L,298.15
1664,"py-4,1[3] + dca",L,298.15
1665,"py-4,1[3] + fap",L,293.15
1666,"py-4,1[3] + ntf2",H,278.15
1667,"py-4,1[3] + otf",L,293.15
1668,"py-4,1[3] + tcb",L,298.15
1669,"py-4,1[3] + tdi",H,283.15
1670,"py-4,1[4] + alcl4",L,293.15
1671,"py-4,1[4] + bf4",H,298.15
1672,"py-4,1[4] + ccn3",L,293.15
1673,"py-4,1[4] + ntf2",L,278.15
1674,"py-4,1[4] + scn",L,298.15
1675,"py-4,cn[3] + ntf2",H,293.15
1676,"py-4,cn[4] + ntf2",H,298.15
1677,"py-4,coo4[3] + ntf2",H,283.0
1678,"py-4,dma[4] + ntf2",H,283.0
1679,py-4 + al(ohfip)4,L,303.2
1680,py-4 + alcl4,L,303.15
1681,py-4 + bf4,H,283.15
1682,py-4 + dca,L,288.15
1683,py-4 + no3,L,303.15
1684,py-4 + ntf2,L,303.15
1685,py-4 + otf,L,298.15
1686,py-4 + scn,L,303.15
1687,"py-4 + so4-1,3[f],chf2",H,298.2
1688,"py-4i,1[3] + ntf2",L,293.15
1689,py-4so3h + hso4,H,293.15
1690,py-4so3h + otf,H,293.15
1691,py-5 + ntf2,L,298.15
1692,"py-5cn,1[2] + ntf2",H,292.0
1693,"py-5cn,1[3] + ntf2",L,292.0
1694,"py-5cn,1[4] + ntf2",L,292.0
1695,py-5cn + ntf2,L,292.0
1696,"py-6,1[3],1[5] + ntf2",H,283.0
1697,"py-6,1[3],dma[4] + ntf2",H,283.0
1698,"py-6,1[3] + ntf2",L,293.15
1699,"py-6,1[4] + alcl4",L,293.15
1700,"py-6,1[4] + ntf2",L,283.15
1701,"py-6,2[2],1[3],1[5] + ntf2",H,283.0
1702,"py-6,3[2],2[3],2[5] + ntf2",H,283.0
1703,"py-6,cn[3] + ntf2",H,293.15
1704,"py-6,cn[4] + ntf2",H,293.15
1705,"py-6,dma[4] + ntf2",H,283.0
1706,py-6 + alcl4,L,293.15
1707,py-6 + bf4,H,293.2
1708,py-6 + ntf2,L,298.15
1709,py-6 + scn,L,303.15
1710,py-7 + ntf2,L,293.15
1711,"py-8,1[2],1[3] + ntf2",H,283.3
1712,"py-8,1[2] + ntf2",H,273.15
1713,"py-8,1[3],1[5] + ntf2",H,283.2
1714,"py-8,1[3] + alcl4",L,293.15
1715,"py-8,1[3] + bf4",H,278.15
1716,"py-8,1[3] + ntf2",H,283.0
1717,"py-8,1[4] + alcl4",L,293.15
1718,"py-8,1[4] + bf4",H,273.15
1719,"py-8,1[4] + ntf2",L,298.15
1720,"py-8,1[4] + otf",H,298.15
1721,"py-8,cn[3] + ntf2",H,293.15
1722,"py-8,cn[4] + ntf2",H,298.15
1723,py-8 + alcl4,L,293.15
1724,py-8 + bf4,H,283.15
1725,py-8 + ntf2,H,278.15
1726,py-8 + scn,L,303.15
1727,py-[2o]21 + cl,H,303.15
1728,py-[2o]21 + ntf2,L,293.15
1729,py-[2o]31 + cl,H,303.15
1730,py-[2o]31 + ntf2,L,293.15
1731,py-[2o]41 + cl,H,303.15
1732,"py-moxm,1[2] + ntf2",H,323.2
1733,"py-moxm,4t[3] + ntf2",H,323.2
1734,py-moxm + ntf2,H,323.2
1735,py + 1ac,L,298.15
1736,py + ac,L,298.15
1737,py + for,L,298.15
1738,pyr-1(o)pyr + ntf2,L,303.2
1739,"pyr-1,1 + im41",H,293.0
1740,"pyr-1,1 + tsac",L,298.2
1741,"pyr-10,1 + ntf2",L,303.0
1742,pyr-1 + bf4,L,303.15
1743,pyr-1 + for,L,303.2
1744,pyr-1 + hso4,H,303.2
1745,"pyr-1ch,1 + ntf2",H,289.7
1746,"pyr-1dmsodmsph,1 + ntf2",L,298.0
1747,"pyr-1o1,1 + bf3-1[f]",L,298.2
1748,"pyr-1o1,1 + bf3-2[f]",L,298.2
1749,"pyr-1o1,1 + bf4",L,298.2
1750,"pyr-1o1,1 + fsa",L,273.15
1751,"pyr-1o1,1 + ntf2",L,273.15
1752,"pyr-1ph,1 + ntf2",H,298.0
1753,"pyr-2,1 + dca",L,298.1
1754,"pyr-2,1 + po3h-2",H,293.18
1755,"pyr-2,1 + so4-2",L,308.15
1756,"pyr-2o1,1 + bf3-1[f]",L,298.2
1757,"pyr-2o1,1 + bf3-2[f]",L,298.2
1758,"pyr-2o1,1 + bf3-3[f]",L,298.2
1759,"pyr-2o1,1 + bf3-4[f]",L,298.2
1760,"pyr-2o1,1 + bf4",H,298.2
1761,"pyr-2o1,1 + fap",L,298.15
1762,"pyr-2o1,1 + fsa",L,273.15
1763,"pyr-2o1,1 + im41",H,273.15
1764,"pyr-2o1,1 + npf2",H,273.15
1765,"pyr-2o1,1 + ntf2",L,293.0
1766,"pyr-2o1,1 + ntfso2f",H,273.2
1767,"pyr-2o1,2o1 + ntf2",L,298.15
1768,"pyr-2o1,2o2 + ntf2",L,298.15
1769,"pyr-2o2,1 + br",H,296.0
1770,"pyr-2o2,1 + dca",H,296.0
1771,"pyr-2o2,1 + ntf2",L,293.0
1772,"pyr-2oh,1 + dca",L,298.0
1773,"pyr-2oh,1 + ntf2",H,278.15
1774,"pyr-2ono2,1 + dca",L,298.0
1775,"pyr-3(1[f]),1 + ntf2",H,298.2
1776,"pyr-3,1 + bf3-2[f]o1[f]",L,298.2
1777,"pyr-3,1 + dca",L,298.2
1778,"pyr-3,1 + fsa",L,273.0
1779,"pyr-3,1 + im41",H,293.0
1780,"pyr-3,1 + npf2",H,293.0
1781,"pyr-3,1 + npfso2f",L,298.0
1782,"pyr-3,1 + ntf2",L,298.2
1783,"pyr-3,1 + ntfso2f",H,273.2
1784,"pyr-3,1 + tfesi",H,283.15
1785,"pyr-3[oh]2,1 + ntf2",H,278.15
1786,"pyr-3cn,1 + scn",H,298.15
1787,"pyr-3oh,1 + ntf2",L,303.15
1788,"pyr-3oh,1 + scn",H,298.15
1789,"pyr-4,1 + ac",L,298.15
1790,"pyr-4,1 + al(ohfip)4",L,333.2
1791,"pyr-4,1 + bf3-1[f]",L,298.2
1792,"pyr-4,1 + bf3-2[f]",L,298.2
1793,"pyr-4,1 + ccn3",L,308.15
1794,"pyr-4,1 + dca",L,298.0
1795,"pyr-4,1 + fap",H,293.15
1796,"pyr-4,1 + fpi",H,293.0
1797,"pyr-4,1 + fsa",L,298.15
1798,"pyr-4,1 + im41",H,293.0
1799,"pyr-4,1 + nms2",H,293.2
1800,"pyr-4,1 + npf2",H,293.0
1801,"pyr-4,1 + ntf2",L,298.15
1802,"pyr-4,1 + ntfso2f",H,273.2
1803,"pyr-4,1 + otf",H,293.15
1804,"pyr-4,1 + po3h-4",H,293.18
1805,"pyr-4,1 + scn",L,298.15
1806,"pyr-4,1 + so4-2",H,298.15
1807,"pyr-4,1 + so4-4",H,308.15
1808,"pyr-4,1 + tcb",L,298.15
1809,"pyr-4,2 + so4-2",L,328.15
1810,pyr-4 + ntf2,L,303.2
1811,"pyr-4i,1 + ntf2",L,303.15
1812,"pyr-5,1 + ntf2",L,303.0
1813,"pyr-6,1 + dca",L,298.2
1814,"pyr-6,1 + ntf2",L,303.0
1815,"pyr-6,1 + po3h-6",H,293.18
1816,"pyr-6nh2,1 + fap",H,293.15
1817,"pyr-7,1 + ntf2",L,303.0
1818,"pyr-8,1 + ntf2",L,303.0
1819,"pyr-8,1 + po3h-8",L,293.18
1820,"pyr-[2o]21,1 + ntf2",L,290.15
1821,"pyr-[2o]21,[2o]21 + ntf2",H,292.05
1822,"pyr-a,1 + dca",L,298.0
1823,"pyr-a,1 + no3",H,298.0
1824,"pyr-a,1 + ntf2",L,298.2
1825,"pyr-a,1 + scn",L,298.0
1826,"pyr-a,a + ntf2",L,298.2
1827,pyr-coo1[2] + no3,L,303.2
1828,pyr + 4ac,L,308.0
1829,pyr + 6ac,L,293.15
1830,pyr + 7ac,L,298.0
1831,pyr + ac,L,293.15
1832,pyr + for,L,293.15
1833,pyr + hso4,H,293.15
1834,pyr + no3,L,293.15
1835,pyr + ntf2,L,303.2
1836,"pyr + po2-o4,o4",L,298.2
1837,pyr + sac,H,298.2
1838,pyr + tfa-2[f],L,298.15
1839,pyr + tfa,L,293.15
1840,"pyrl-1,o2 + ntf2",L,323.2
1841,"pyrl-1,o2 + otf",L,323.2
1842,"pyrl-2,o1 + ntf2",L,298.2
1843,"pyrl-2,o1 + otf",L,298.2
1844,"pyrl-2,o2 + ntf2",L,298.2
1845,"pyrl-2,o2 + otf",L,298.2
1846,pyrl-3 + ntf2,L,298.2
1847,pyrl-4 + ntf2,L,298.2
1848,"pyrro-1,1 + br",L,293.15
1849,"pyrro-10,1 + br",L,298.2
1850,"pyrro-12,1 + br",L,298.2
1851,"pyrro-14,1 + br",L,298.2
1852,"pyrro-16,1 + br",L,298.2
1853,"pyrro-18,1 + br",L,298.2
1854,pyrro-1 + 1ac,L,293.15
1855,pyrro-1 + 2ac,L,293.15
1856,pyrro-1 + 3ac,L,293.15
1857,pyrro-1 + 4ac,L,293.15
1858,pyrro-1 + ac,L,293.15
1859,pyrro-1 + bf4,L,303.15
1860,pyrro-1 + for,L,293.15
1861,"pyrro-1epoxy,1 + ac",L,288.15
1862,"pyrro-1epoxy,1 + cl",L,293.15
1863,pyrro + 4ac,L,293.15
1864,pyrro + ac,L,293.15
1865,pyrro + bf4,H,298.2
1866,pyrro + for,L,293.15
1867,pyrro + tfa-2[f],L,298.15
1868,pyrro + tfa,L,298.2
1869,"pz-2,1 + dca",L,298.1
1870,"pz-2o1,1,1[3],1[5] + ntf2",L,298.0
1871,"pz-2o1,1 + dca",L,298.2
1872,"pz-2o1,2,1[3],1[5] + ntf2",L,298.0
1873,"pz-2o1,2 + dca",L,298.2
1874,"pz-2o2,1 + dca",L,298.2
1875,"pz-2o2,2 + dca",L,298.2
1876,"pz-3,1,1[3],1[5] + ntf2",L,292.6
1877,"pz-4,1,1[3],1[5] + dca",L,298.0
1878,"pz-4,1,1[3],1[5] + ntf2",L,298.0
1879,"pz-4,1 + dca",L,298.0
1880,"pz-4,1 + ntf2",L,298.0
1881,"pz-ph,1,1[3],1[5] + so3-1",H,308.15
1882,"pz-ph,4,1[3],1[5] + so3-1",H,313.15
1883,"pz-ph,5,1[3],1[5] + bf4",H,308.15
1884,"pz-ph,5,1[3],1[5] + so3-1",H,313.15
1885,"pz-ph,6,1[3],1[5] + bf4",H,308.15
1886,"pz-ph,6,1[3],1[5] + so3-1",H,313.15
1887,"pz-ph,7,1[3],1[5] + so3-1",H,313.15
1888,"qu-1,1 + ntf2",L,333.0
1889,"qu-2,2 + ntf2",L,333.0
1890,quin-6 + ntf2,L,323.2
1891,quini-18 + tfpb,H,329.0
1892,quini-4 + ntf2,L,323.2
1893,quini-6 + scn,H,298.2
1894,quini-8 + fsa,H,298.15
1895,quini-8 + ntf2,H,298.15
1896,quini-8 + scn,H,298.15
1897,"s-1,1,1 + dca",L,273.2
1898,"s-1,1,1 + ntf2",L,323.0
1899,"s-1cch,1,1 + ntf2",L,283.2
1900,"s-1coo2,1,1 + ntf2",H,283.2
1901,"s-2,1,1 + dca",L,253.2
1902,"s-2,1,1 + ntf2",L,298.15
1903,"s-2,2,1 + dca",L,253.2
1904,"s-2,2,1 + ntf2",L,298.15
1905,"s-2,2,2 + c1c2",L,298.0
1906,"s-2,2,2 + dca",L,253.2
1907,"s-2,2,2 + ntf2",L,298.2
1908,"s-2,2,2 + tsac",L,298.0
1909,"s-3,1,1 + ntf2",L,298.15
1910,"s-3,2,1 + ntf2",L,298.15
1911,"s-3,2,2 + ntf2",L,298.15
1912,"s-3,3,1 + dca",L,253.2
1913,"s-3,3,2 + dca",L,253.2
1914,"s-4,1,1 + ntf2",L,298.15
1915,"s-4,2,1 + ntf2",L,298.15
1916,"s-4,2,2 + ntf2",L,298.15
1917,"s-4,4,1 + dca",H,253.2
1918,"s-4,4,2 + dca",H,253.2
1919,"s-4,4,4 + ntf2",L,298.2
1920,"s-5,1,1 + ntf2",L,298.15
1921,"s-5,2,1 + ntf2",L,298.15
1922,"s-5,2,2 + ntf2",L,298.15
1923,"tetraz-1,s2[5] + po2-o2,o2",L,298.15
1924,tht-1 + dca,L,273.1
1925,tht-2 + dca,H,253.2
1926,tht-2 + no3,L,303.1
1927,tht-3 + ntf2,L,298.2
1928,tht-4 + dca,H,253.2
1929,tht-4 + ntf2,L,298.2
1930,tht-5 + ntf2,L,298.2
1931,thtp-3 + ntf2,L,303.2
1932,thtp-4 + ntf2,L,298.2
1933,thtp-5 + ntf2,L,298.2
1934,"thz-1coo2,1[4] + ntf2",H,293.15
1935,"thz-1ph,1[4] + ntf2",H,293.15
1936,"thz-1ph,2oh[5],1[4] + ntf2",H,293.15
1937,"thz-2,2oh[5],1[4] + ntf2",H,293.15
1938,"thz-2oh,1[4] + ntf2",H,293.15
1939,"thz-4,1[4] + ntf2",L,293.15
1940,"trz123-10,1 + ntf2",L,303.15
1941,"trz123-12,1 + ntf2",L,303.15
1942,"trz123-4,1 + ntf2",L,303.15
1943,"trz123-6,1 + ntf2",L,303.15
1944,"trz123-8,1 + ntf2",L,303.15
1945,"trz124-10,1 + ntf2",H,298.2
1946,"trz124-12,1 + ntf2",H,298.2
1947,"trz124-2,1 + ntf2",L,298.2
1948,"trz124-3,1 + bf4",L,298.1
1949,"trz124-3,1 + i",H,298.1
1950,"trz124-3,1 + no3",H,298.1
1951,"trz124-3,1 + ntf2",L,298.2
1952,"trz124-3,1 + otf",L,298.1
1953,"trz124-3,1 + so3-1",H,298.1
1954,"trz124-3,1 + so3-ph1",H,298.1
1955,"trz124-4,1 + ntf2",L,298.2
1956,"trz124-4so3h,5 + otf",L,293.15
1957,"trz124-4so3h,5 + tfa",L,293.15
1958,"trz124-6,1 + ntf2",L,298.2
1959,"trz124-8,1 + ntf2",L,298.2
1960,"turea-2,(1,0),(1,0) + so4-2",H,298.2
1961,"turea-2,(2,0),(2,0) + ntf2",L,298.2
1962,"turea-2,(2,0),(2,0) + so4-2",H,298.2
1963,turea-2 + so4-2,H,298.2
1964,"turea-4,(1,0),(1,0) + ntf2",L,293.2
1965,"turea-4,(1,1),(1,1) + ntf2",L,298.2
1966,"turea-4,(2,0),(2,0) + ntf2",L,293.2
1967,turea-4 + ntf2,L,323.2
1968,"turea-6,(1,0),(1,0) + ntf2",L,298.2
1969,"turea-6,(1,1),(1,1) + ntf2",L,298.2
1970,turea-6 + ntf2,L,328.2
1971,"turea-8,(1,0),(1,0) + ntf2",L,293.2
1972,"turea-8,(1,1),(1,1) + ntf2",L,298.2
1973,"turea-8,(2,0),(2,0) + ntf2",H,293.2
1974,turea-8 + ntf2,H,293.2
